{
  "Add Wind and Stack Open Area" : 
  {
    "applicable" : true
  },
  "AssignConstructionSetToBuilding" : 
  {
    "applicable" : true,
    "construction_set" : "{161a51f0-9700-4aa1-8ba8-f2513d0eecae}"
  },
  "OpenStudio Results" : 
  {
    "air_loops_detail_section" : true,
    "analysis_length" : 25,
    "annual_overview_section" : true,
    "annual_peak_electric_demand" : 1502.79988,
    "annual_utility_cost" : 0.0,
    "applicable" : true,
    "building_name" : "n/a",
    "building_summary_section" : true,
    "coal_cooling_ip" : 0.0,
    "coal_exterior_equipment_ip" : 0.0,
    "coal_exterior_lighting_ip" : 0.0,
    "coal_fans_ip" : 0.0,
    "coal_generators_ip" : 0.0,
    "coal_heat_recovery_ip" : 0.0,
    "coal_heat_rejection_ip" : 0.0,
    "coal_heating_ip" : 0.0,
    "coal_humidification_ip" : 0.0,
    "coal_interior_equipment_ip" : 0.0,
    "coal_interior_lighting_ip" : 0.0,
    "coal_ip" : 0.0,
    "coal_pumps_ip" : 0.0,
    "coal_refrigeration_ip" : 0.0,
    "coal_water_systems_ip" : 0.0,
    "cost_summary_section" : true,
    "customized_fenestration_u_3_36" : 5119.1109077738101,
    "diesel_cooling_ip" : 0.0,
    "diesel_exterior_equipment_ip" : 0.0,
    "diesel_exterior_lighting_ip" : 0.0,
    "diesel_fans_ip" : 0.0,
    "diesel_generators_ip" : 0.0,
    "diesel_heat_recovery_ip" : 0.0,
    "diesel_heat_rejection_ip" : 0.0,
    "diesel_heating_ip" : 0.0,
    "diesel_humidification_ip" : 0.0,
    "diesel_interior_equipment_ip" : 0.0,
    "diesel_interior_lighting_ip" : 0.0,
    "diesel_ip" : 0.0,
    "diesel_pumps_ip" : 0.0,
    "diesel_refrigeration_ip" : 0.0,
    "diesel_water_systems_ip" : 0.0,
    "district_cooling_cooling_ip" : 0.0,
    "district_cooling_exterior_equipment_ip" : 0.0,
    "district_cooling_exterior_lighting_ip" : 0.0,
    "district_cooling_fans_ip" : 0.0,
    "district_cooling_generators_ip" : 0.0,
    "district_cooling_heat_recovery_ip" : 0.0,
    "district_cooling_heat_rejection_ip" : 0.0,
    "district_cooling_heating_ip" : 0.0,
    "district_cooling_humidification_ip" : 0.0,
    "district_cooling_interior_equipment_ip" : 0.0,
    "district_cooling_interior_lighting_ip" : 0.0,
    "district_cooling_ip" : 0.0,
    "district_cooling_pumps_ip" : 0.0,
    "district_cooling_refrigeration_ip" : 0.0,
    "district_cooling_water_systems_ip" : 0.0,
    "district_heating_steam_cooling_ip" : 0.0,
    "district_heating_steam_exterior_equipment_ip" : 0.0,
    "district_heating_steam_exterior_lighting_ip" : 0.0,
    "district_heating_steam_fans_ip" : 0.0,
    "district_heating_steam_generators_ip" : 0.0,
    "district_heating_steam_heat_recovery_ip" : 0.0,
    "district_heating_steam_heat_rejection_ip" : 0.0,
    "district_heating_steam_heating_ip" : 0.0,
    "district_heating_steam_humidification_ip" : 0.0,
    "district_heating_steam_interior_equipment_ip" : 0.0,
    "district_heating_steam_interior_lighting_ip" : 0.0,
    "district_heating_steam_ip" : 0.0,
    "district_heating_steam_pumps_ip" : 0.0,
    "district_heating_steam_refrigeration_ip" : 0.0,
    "district_heating_steam_water_systems_ip" : 0.0,
    "district_heating_water_cooling_ip" : 0.0,
    "district_heating_water_exterior_equipment_ip" : 0.0,
    "district_heating_water_exterior_lighting_ip" : 0.0,
    "district_heating_water_fans_ip" : 0.0,
    "district_heating_water_generators_ip" : 0.0,
    "district_heating_water_heat_recovery_ip" : 0.0,
    "district_heating_water_heat_rejection_ip" : 0.0,
    "district_heating_water_heating_ip" : 0.0,
    "district_heating_water_humidification_ip" : 0.0,
    "district_heating_water_interior_equipment_ip" : 0.0,
    "district_heating_water_interior_lighting_ip" : 0.0,
    "district_heating_water_ip" : 0.0,
    "district_heating_water_pumps_ip" : 0.0,
    "district_heating_water_refrigeration_ip" : 0.0,
    "district_heating_water_water_systems_ip" : 0.0,
    "electricity_cooling_ip" : 208307.51561605278,
    "electricity_exterior_equipment_ip" : 0.0,
    "electricity_exterior_lighting_ip" : 0.0,
    "electricity_fans_ip" : 201389.75,
    "electricity_generators_ip" : 0.0,
    "electricity_heat_recovery_ip" : 0.0,
    "electricity_heat_rejection_ip" : 0.0,
    "electricity_heating_ip" : 1557784.6489282469,
    "electricity_humidification_ip" : 0.0,
    "electricity_interior_equipment_ip" : 471681.94444444444,
    "electricity_interior_lighting_ip" : 0.0,
    "electricity_ip" : 2439201.1588690747,
    "electricity_pumps_ip" : 37.299880330555567,
    "electricity_refrigeration_ip" : 0.0,
    "electricity_water_systems_ip" : 0.0,
    "end_use_cooling" : 208308.33333333334,
    "end_use_electricity_cooling" : 208308.33333333334,
    "end_use_electricity_exterior_equipment" : 0.0,
    "end_use_electricity_exterior_lighting" : 0.0,
    "end_use_electricity_fans" : 201388.88888888891,
    "end_use_electricity_generators" : 0.0,
    "end_use_electricity_heat_recovery" : 0.0,
    "end_use_electricity_heat_rejection" : 0.0,
    "end_use_electricity_heating" : 1557786.1111111112,
    "end_use_electricity_humidification" : 0.0,
    "end_use_electricity_interior_equipment" : 471680.55555555562,
    "end_use_electricity_interior_lighting" : 0.0,
    "end_use_electricity_pumps" : 36.111111111111107,
    "end_use_electricity_refrigeration" : 0.0,
    "end_use_electricity_water_systems" : 0.0,
    "end_use_exterior_equipment" : 0.0,
    "end_use_exterior_lighting" : 0.0,
    "end_use_fans" : 201388.88888888891,
    "end_use_generators" : 0.0,
    "end_use_heat_recovery" : 0.0,
    "end_use_heat_rejection" : 0.0,
    "end_use_heating" : 1557786.1111111112,
    "end_use_humidification" : 0.0,
    "end_use_interior_equipment" : 471680.55555555562,
    "end_use_interior_lighting" : 0.0,
    "end_use_natural_gas_cooling" : 0.0,
    "end_use_natural_gas_exterior_equipment" : 0.0,
    "end_use_natural_gas_exterior_lighting" : 0.0,
    "end_use_natural_gas_fans" : 0.0,
    "end_use_natural_gas_generators" : 0.0,
    "end_use_natural_gas_heat_recovery" : 0.0,
    "end_use_natural_gas_heat_rejection" : 0.0,
    "end_use_natural_gas_heating" : 0.0,
    "end_use_natural_gas_humidification" : 0.0,
    "end_use_natural_gas_interior_equipment" : 0.0,
    "end_use_natural_gas_interior_lighting" : 0.0,
    "end_use_natural_gas_pumps" : 0.0,
    "end_use_natural_gas_refrigeration" : 0.0,
    "end_use_natural_gas_water_systems" : 221825.0,
    "end_use_pumps" : 36.111111111111107,
    "end_use_refrigeration" : 0.0,
    "end_use_water_systems" : 221825.0,
    "envelope_section_section" : true,
    "estar_mfhr_whole_building_water_use_equipment" : 1.4400000000000002,
    "eui" : 259.63651229773711,
    "exterior_light_section" : true,
    "first_year_capital_cost" : 0.0,
    "fuel_coal" : 0.0,
    "fuel_diesel" : 0.0,
    "fuel_district_cooling" : 0.0,
    "fuel_district_heating_steam" : 0.0,
    "fuel_district_heating_water" : 0.0,
    "fuel_electricity" : 8322895.8715256779,
    "fuel_fuel_oil_no_1" : 0.0,
    "fuel_fuel_oil_no_2" : 0.0,
    "fuel_gasoline" : 0.0,
    "fuel_natural_gas" : 756898.31776860578,
    "fuel_oil_no_1_cooling_ip" : 0.0,
    "fuel_oil_no_1_exterior_equipment_ip" : 0.0,
    "fuel_oil_no_1_exterior_lighting_ip" : 0.0,
    "fuel_oil_no_1_fans_ip" : 0.0,
    "fuel_oil_no_1_generators_ip" : 0.0,
    "fuel_oil_no_1_heat_recovery_ip" : 0.0,
    "fuel_oil_no_1_heat_rejection_ip" : 0.0,
    "fuel_oil_no_1_heating_ip" : 0.0,
    "fuel_oil_no_1_humidification_ip" : 0.0,
    "fuel_oil_no_1_interior_equipment_ip" : 0.0,
    "fuel_oil_no_1_interior_lighting_ip" : 0.0,
    "fuel_oil_no_1_ip" : 0.0,
    "fuel_oil_no_1_pumps_ip" : 0.0,
    "fuel_oil_no_1_refrigeration_ip" : 0.0,
    "fuel_oil_no_1_water_systems_ip" : 0.0,
    "fuel_oil_no_2_cooling_ip" : 0.0,
    "fuel_oil_no_2_exterior_equipment_ip" : 0.0,
    "fuel_oil_no_2_exterior_lighting_ip" : 0.0,
    "fuel_oil_no_2_fans_ip" : 0.0,
    "fuel_oil_no_2_generators_ip" : 0.0,
    "fuel_oil_no_2_heat_recovery_ip" : 0.0,
    "fuel_oil_no_2_heat_rejection_ip" : 0.0,
    "fuel_oil_no_2_heating_ip" : 0.0,
    "fuel_oil_no_2_humidification_ip" : 0.0,
    "fuel_oil_no_2_interior_equipment_ip" : 0.0,
    "fuel_oil_no_2_interior_lighting_ip" : 0.0,
    "fuel_oil_no_2_ip" : 0.0,
    "fuel_oil_no_2_pumps_ip" : 0.0,
    "fuel_oil_no_2_refrigeration_ip" : 0.0,
    "fuel_oil_no_2_water_systems_ip" : 0.0,
    "fuel_other_fuel_1" : 0.0,
    "fuel_other_fuel_2" : 0.0,
    "fuel_propane" : 0.0,
    "gasoline_cooling_ip" : 0.0,
    "gasoline_exterior_equipment_ip" : 0.0,
    "gasoline_exterior_lighting_ip" : 0.0,
    "gasoline_fans_ip" : 0.0,
    "gasoline_generators_ip" : 0.0,
    "gasoline_heat_recovery_ip" : 0.0,
    "gasoline_heat_rejection_ip" : 0.0,
    "gasoline_heating_ip" : 0.0,
    "gasoline_humidification_ip" : 0.0,
    "gasoline_interior_equipment_ip" : 0.0,
    "gasoline_interior_lighting_ip" : 0.0,
    "gasoline_ip" : 0.0,
    "gasoline_pumps_ip" : 0.0,
    "gasoline_refrigeration_ip" : 0.0,
    "gasoline_water_systems_ip" : 0.0,
    "generic_exterior_wall_pre_1980_6_a" : 1826.6979121944601,
    "gross_window_wall_ratio" : 30.0,
    "gross_window_wall_ratio_conditioned" : 30.0,
    "hvac_load_profile" : true,
    "inflation_approach" : "Constant Dollar",
    "interior_lighting_section" : true,
    "measure_warning_section" : true,
    "monthly_overview_section" : true,
    "natural_gas_cooling_ip" : 0.0,
    "natural_gas_exterior_equipment_ip" : 0.0,
    "natural_gas_exterior_lighting_ip" : 0.0,
    "natural_gas_fans_ip" : 0.0,
    "natural_gas_generators_ip" : 0.0,
    "natural_gas_heat_recovery_ip" : 0.0,
    "natural_gas_heat_rejection_ip" : 0.0,
    "natural_gas_heating_ip" : 0.0,
    "natural_gas_humidification_ip" : 0.0,
    "natural_gas_interior_equipment_ip" : 0.0,
    "natural_gas_interior_lighting_ip" : 0.0,
    "natural_gas_ip" : 221824.58333333334,
    "natural_gas_pumps_ip" : 0.0,
    "natural_gas_refrigeration_ip" : 0.0,
    "natural_gas_water_systems_ip" : 221824.58333333334,
    "net_site_energy" : 2661025.0,
    "num_zones_x_hours_over_55" : 44,
    "num_zones_x_hours_over_70" : 29,
    "number_of_measures_with_warnings" : 2,
    "number_warnings" : 44,
    "other_fuel_1_cooling_ip" : 0.0,
    "other_fuel_1_exterior_equipment_ip" : 0.0,
    "other_fuel_1_exterior_lighting_ip" : 0.0,
    "other_fuel_1_fans_ip" : 0.0,
    "other_fuel_1_generators_ip" : 0.0,
    "other_fuel_1_heat_recovery_ip" : 0.0,
    "other_fuel_1_heat_rejection_ip" : 0.0,
    "other_fuel_1_heating_ip" : 0.0,
    "other_fuel_1_humidification_ip" : 0.0,
    "other_fuel_1_interior_equipment_ip" : 0.0,
    "other_fuel_1_interior_lighting_ip" : 0.0,
    "other_fuel_1_ip" : 0.0,
    "other_fuel_1_pumps_ip" : 0.0,
    "other_fuel_1_refrigeration_ip" : 0.0,
    "other_fuel_1_water_systems_ip" : 0.0,
    "other_fuel_2_cooling_ip" : 0.0,
    "other_fuel_2_exterior_equipment_ip" : 0.0,
    "other_fuel_2_exterior_lighting_ip" : 0.0,
    "other_fuel_2_fans_ip" : 0.0,
    "other_fuel_2_generators_ip" : 0.0,
    "other_fuel_2_heat_recovery_ip" : 0.0,
    "other_fuel_2_heat_rejection_ip" : 0.0,
    "other_fuel_2_heating_ip" : 0.0,
    "other_fuel_2_humidification_ip" : 0.0,
    "other_fuel_2_interior_equipment_ip" : 0.0,
    "other_fuel_2_interior_lighting_ip" : 0.0,
    "other_fuel_2_ip" : 0.0,
    "other_fuel_2_pumps_ip" : 0.0,
    "other_fuel_2_refrigeration_ip" : 0.0,
    "other_fuel_2_water_systems_ip" : 0.0,
    "outdoor_air_section" : true,
    "plant_loops_detail_section" : true,
    "plug_loads_section" : true,
    "propane_cooling_ip" : 0.0,
    "propane_exterior_equipment_ip" : 0.0,
    "propane_exterior_lighting_ip" : 0.0,
    "propane_fans_ip" : 0.0,
    "propane_generators_ip" : 0.0,
    "propane_heat_recovery_ip" : 0.0,
    "propane_heat_rejection_ip" : 0.0,
    "propane_heating_ip" : 0.0,
    "propane_humidification_ip" : 0.0,
    "propane_interior_equipment_ip" : 0.0,
    "propane_interior_lighting_ip" : 0.0,
    "propane_ip" : 0.0,
    "propane_pumps_ip" : 0.0,
    "propane_refrigeration_ip" : 0.0,
    "propane_water_systems_ip" : 0.0,
    "reg_monthly_details" : false,
    "schedules_overview_section" : true,
    "skylight_roof_ratio" : 0.0,
    "source_energy_section" : true,
    "space_type_breakdown_section" : true,
    "space_type_details_section" : true,
    "space_type_murb_large" : 7215.4324102899818,
    "space_type_murb_lobby" : 50.477161252156556,
    "space_type_murb_lobby_1" : 73.023302058141724,
    "space_type_murb_lobby_2" : 730.23302058141724,
    "space_type_murb_lobby_3" : 73.023302058141724,
    "space_type_murb_small" : 47.016274159944771,
    "space_type_murb_small_1" : 45.321357264968981,
    "space_type_murb_small_2" : 50.477161252156556,
    "space_type_murb_small_3" : 48.71690082014581,
    "space_type_murb_small_4" : 504.77161252156554,
    "space_type_murb_small_5" : 453.21357264968981,
    "space_type_murb_small_6" : 470.16274159944771,
    "space_type_murb_small_7" : 487.1690082014581,
    "standards_gem_version" : "0.5.0",
    "surface_103_c_tbd" : 13.938961835176238,
    "surface_104_c_tbd" : 15.546160093338564,
    "surface_111_c_tbd" : 4.2882965216902695,
    "surface_112_c_tbd" : 16.382024715324409,
    "surface_117_c_tbd" : 14.288945294735399,
    "surface_118_c_tbd" : 16.135847205070689,
    "surface_123_c_tbd" : 15.546160093338605,
    "surface_124_c_tbd" : 14.204352443458095,
    "surface_128_c_tbd" : 16.889682812034216,
    "surface_129_c_tbd" : 4.44050889029264,
    "surface_137_c_tbd" : 17.161966212751061,
    "surface_143_c_tbd" : 4.2671946678256027,
    "surface_149_c_tbd" : 4.2672000000000505,
    "surface_157_c_tbd" : 4.6745155572459129,
    "surface_158_c_tbd" : 16.381076277619442,
    "surface_162_c_tbd" : 156.22289663873855,
    "surface_163_c_tbd" : 142.88535614475688,
    "surface_164_c_tbd" : 42.671946678256027,
    "surface_165_c_tbd" : 134.77785009453817,
    "surface_166_c_tbd" : 164.33040268895655,
    "surface_167_c_tbd" : 171.61597831311479,
    "surface_168_c_tbd" : 171.6159783131157,
    "surface_169_c_tbd" : 136.70707977328451,
    "surface_170_c_tbd" : 42.672000000000509,
    "surface_171_c_tbd" : 142.28521610825342,
    "surface_172_c_tbd" : 167.2873979312289,
    "surface_173_c_tbd" : 170.29896357380338,
    "surface_176_c_tbd" : 170.29896357380338,
    "surface_177_c_tbd" : 201.0229557403639,
    "surface_178_c_tbd" : 72.226312565639944,
    "surface_179_c_tbd" : 168.58194581384612,
    "surface_180_c_tbd" : 82.561306859838268,
    "surface_181_c_tbd" : 198.51187324362536,
    "surface_184_c_tbd" : 171.61597831311497,
    "surface_185_c_tbd" : 196.78729197278687,
    "surface_186_c_tbd" : 171.61966212751059,
    "surface_187_c_tbd" : 197.91175468586539,
    "surface_190_c_tbd" : 160.27645403799033,
    "surface_191_c_tbd" : 142.88945294735399,
    "surface_192_c_tbd" : 161.35847205070689,
    "surface_193_c_tbd" : 142.88535614475762,
    "surface_196_c_tbd" : 134.77785009453908,
    "surface_197_c_tbd" : 152.86823896127902,
    "surface_198_c_tbd" : 135.17897663312817,
    "surface_199_c_tbd" : 152.83164038742194,
    "surface_202_c_tbd" : 167.28739793123003,
    "surface_203_c_tbd" : 156.53701896518837,
    "surface_204_c_tbd" : 46.745155572459126,
    "surface_205_c_tbd" : 163.81076277619442,
    "surface_206_c_tbd" : 201.0229557403631,
    "surface_209_c_tbd" : 139.38961835176238,
    "surface_210_c_tbd" : 155.46160093338563,
    "surface_211_c_tbd" : 136.70707977328641,
    "surface_212_c_tbd" : 154.63338648027539,
    "surface_215_c_tbd" : 142.28521610825368,
    "surface_216_c_tbd" : 155.46160093338605,
    "surface_217_c_tbd" : 142.04352443458095,
    "surface_218_c_tbd" : 156.53701896518891,
    "surface_221_c_tbd" : 168.89682812034215,
    "surface_222_c_tbd" : 44.405088902926401,
    "surface_223_c_tbd" : 154.63338648027576,
    "surface_224_c_tbd" : 171.61597831311559,
    "surface_225_c_tbd" : 197.91175468586539,
    "surface_228_c_tbd" : 164.33040268895661,
    "surface_229_c_tbd" : 152.83164038742257,
    "surface_22_c_tbd" : 15.581000932263619,
    "surface_230_c_tbd" : 42.882965216902697,
    "surface_231_c_tbd" : 163.82024715324408,
    "surface_232_c_tbd" : 196.7872919727873,
    "surface_23_c_tbd" : 4.674858473554047,
    "surface_243_c_tbd" : 155.81000932263618,
    "surface_244_c_tbd" : 46.748584735540469,
    "surface_245_c_tbd" : 160.27645403799087,
    "surface_246_c_tbd" : 156.22289663873917,
    "surface_247_c_tbd" : 198.51187324362536,
    "surface_250_c_tbd" : 15.581000932263619,
    "surface_251_c_tbd" : 4.674858473554047,
    "surface_252_c_tbd" : 16.027645403799088,
    "surface_253_c_tbd" : 15.622289663873918,
    "surface_254_c_tbd" : 19.851187324362535,
    "surface_255_c_tbd" : 69.557683379807301,
    "surface_257_c_tbd" : 16.889682812034216,
    "surface_258_c_tbd" : 4.44050889029264,
    "surface_259_c_tbd" : 15.463338648027577,
    "surface_260_c_tbd" : 17.16159783131156,
    "surface_261_c_tbd" : 19.791175468586538,
    "surface_262_c_tbd" : 74.15808488019357,
    "surface_264_c_tbd" : 13.938961835176238,
    "surface_265_c_tbd" : 15.546160093338564,
    "surface_266_c_tbd" : 13.67070797732864,
    "surface_267_c_tbd" : 15.463338648027539,
    "surface_268_c_tbd" : 47.016274159944771,
    "surface_270_c_tbd" : 16.43304026889566,
    "surface_271_c_tbd" : 15.283164038742257,
    "surface_272_c_tbd" : 4.2882965216902695,
    "surface_273_c_tbd" : 16.382024715324409,
    "surface_274_c_tbd" : 19.678729197278731,
    "surface_275_c_tbd" : 70.732950425029841,
    "surface_277_c_tbd" : 17.161597831311497,
    "surface_278_c_tbd" : 19.678729197278688,
    "surface_279_c_tbd" : 17.161966212751061,
    "surface_280_c_tbd" : 19.791175468586538,
    "surface_281_c_tbd" : 74.399119673343264,
    "surface_283_c_tbd" : 13.477785009453909,
    "surface_284_c_tbd" : 15.286823896127903,
    "surface_285_c_tbd" : 13.517897663312816,
    "surface_286_c_tbd" : 15.283164038742193,
    "surface_287_c_tbd" : 45.321357264968981,
    "surface_289_c_tbd" : 16.027645403799035,
    "surface_290_c_tbd" : 14.288945294735399,
    "surface_291_c_tbd" : 16.135847205070689,
    "surface_292_c_tbd" : 14.288535614475762,
    "surface_293_c_tbd" : 50.477161252156563,
    "surface_295_c_tbd" : 14.228521610825368,
    "surface_296_c_tbd" : 15.546160093338605,
    "surface_297_c_tbd" : 14.204352443458095,
    "surface_298_c_tbd" : 15.653701896518891,
    "surface_299_c_tbd" : 48.71690082014581,
    "surface_301_c_tbd" : 17.029896357380338,
    "surface_302_c_tbd" : 20.10229557403639,
    "surface_303_c_tbd" : 7.2226312565639947,
    "surface_304_c_tbd" : 16.858194581384613,
    "surface_305_c_tbd" : 8.2561306859838268,
    "surface_306_c_tbd" : 19.851187324362535,
    "surface_307_c_tbd" : 104.46703060287606,
    "surface_309_c_tbd" : 16.728739793123005,
    "surface_30_c_tbd" : 15.286823896127903,
    "surface_310_c_tbd" : 15.653701896518838,
    "surface_311_c_tbd" : 4.6745155572459129,
    "surface_312_c_tbd" : 16.381076277619442,
    "surface_313_c_tbd" : 20.102295574036312,
    "surface_314_c_tbd" : 73.560270770263884,
    "surface_316_c_tbd" : 15.622289663873854,
    "surface_317_c_tbd" : 14.288535614475688,
    "surface_318_c_tbd" : 4.2671946678256027,
    "surface_319_c_tbd" : 13.477785009453818,
    "surface_31_c_tbd" : 13.517897663312816,
    "surface_320_c_tbd" : 16.433040268895656,
    "surface_321_c_tbd" : 17.161597831311479,
    "surface_322_c_tbd" : 17.161597831311571,
    "surface_323_c_tbd" : 13.670707977328451,
    "surface_324_c_tbd" : 4.2672000000000505,
    "surface_325_c_tbd" : 14.228521610825343,
    "surface_326_c_tbd" : 16.728739793122891,
    "surface_327_c_tbd" : 17.029896357380338,
    "surface_328_c_tbd" : 73.023302058141738,
    "surface_339_c_tbd" : 4.2672000000000505,
    "surface_340_c_tbd" : 4.2671946678256027,
    "surface_37_c_tbd" : 7.2226312565639947,
    "surface_38_c_tbd" : 16.858194581384613,
    "surface_39_c_tbd" : 8.2561306859838268,
    "surface_3_c_tbd" : 14.288945294735399,
    "surface_45_c_tbd" : 4.2882965216902695,
    "surface_46_c_tbd" : 16.382024715324409,
    "surface_4_c_tbd" : 16.135847205070689,
    "surface_52_c_tbd" : 17.161966212751061,
    "surface_58_c_tbd" : 4.6745155572459129,
    "surface_59_c_tbd" : 16.381076277619442,
    "surface_63_c_tbd" : 168.89682812034215,
    "surface_64_c_tbd" : 44.405088902926401,
    "surface_71_c_tbd" : 15.546160093338605,
    "surface_72_c_tbd" : 14.204352443458095,
    "surface_76_c_tbd" : 13.938961835176238,
    "surface_77_c_tbd" : 15.546160093338564,
    "surface_84_c_tbd" : 7.2226312565639947,
    "surface_85_c_tbd" : 16.858194581384613,
    "surface_86_c_tbd" : 8.2561306859838268,
    "surface_91_c_tbd" : 15.286823896127903,
    "surface_92_c_tbd" : 13.517897663312816,
    "surface_96_c_tbd" : 15.581000932263619,
    "surface_97_c_tbd" : 4.674858473554047,
    "total_building_area" : 10249.040000000001,
    "total_lifecycle_cost" : 0.0,
    "total_site_energy" : 2661025.0,
    "total_site_eui" : 259.63651229773711,
    "typical_iead_roof_pre_1980" : 1471.8762012667557,
    "units" : "SI",
    "unmet_hours_during_cooling" : 1.5,
    "unmet_hours_during_heating" : 2.3300000000000001,
    "unmet_hours_during_occupied_cooling" : 1.1699999999999999,
    "unmet_hours_during_occupied_heating" : 2.3300000000000001,
    "unmet_hours_tolerance_cooling" : 0.20000000000000001,
    "unmet_hours_tolerance_heating" : 0.20000000000000001,
    "utility_bills_rates_section" : true,
    "water_use_equipment_1" : 0.36000000000000004,
    "water_use_section" : true,
    "zone_condition_section" : true,
    "zone_equipment_detail_section" : true,
    "zone_max_hours_over_55_rh" : 729.0,
    "zone_max_hours_over_70_rh" : 34.0,
    "zone_summary_section" : true
  },
  "Set Window to Wall Ratio by Facade" : 
  {
    "applicable" : true,
    "exl_spaces_not_incl_fl_area" : true,
    "facade" : "All",
    "inset_tri_sub" : true,
    "sillHeight" : 30.0,
    "split_at_doors" : "Split Walls at Doors",
    "triangulate" : true,
    "triangulation_min_area" : 0.001,
    "wwr" : 0.29999999999999999
  },
  "SetNISTInfiltrationCorrelations" : 
  {
    "air_barrier" : false,
    "airtightness_area" : "5-sided",
    "airtightness_pressure" : 75.0,
    "airtightness_value" : 5.0,
    "applicable" : true,
    "building_type" : "HighriseApartment",
    "climate_zone" : "6A",
    "design_infiltration_4_pa" : 0.00020664108653579646,
    "hvac_schedule" : "Lookup From Model"
  },
  "Thermal Bridging and Derating - TBD" : 
  {
    "alter_model" : true,
    "applicable" : true,
    "floor_option" : "NONE",
    "floor_ut" : 0.16200000000000001,
    "gen_UA_report" : false,
    "gen_kiva" : false,
    "gen_kiva_force" : false,
    "load_tbd_json" : false,
    "option" : "poor (BETBG)",
    "parapet" : true,
    "reset_kiva" : false,
    "roof_option" : "NONE",
    "roof_ut" : 0.13800000000000001,
    "sub_tol" : 0.01,
    "ua_reference" : "code (Quebec)",
    "wall_option" : "NONE",
    "wall_ut" : 0.20999999999999999,
    "write_tbd_json" : false
  }
}