{
  "Add Wind and Stack Open Area" : 
  {
    "applicable" : true
  },
  "AssignConstructionSetToBuilding" : 
  {
    "applicable" : true,
    "construction_set" : "{e0ce3521-4e53-4eca-8017-2f1c8dec2b50}"
  },
  "OpenStudio Results" : 
  {
    "air_loops_detail_section" : true,
    "analysis_length" : 25,
    "annual_overview_section" : true,
    "annual_peak_electric_demand" : 494.51391999999998,
    "annual_utility_cost" : 0.0,
    "applicable" : true,
    "building_name" : "n/a",
    "building_summary_section" : true,
    "coal_cooling_ip" : 0.0,
    "coal_exterior_equipment_ip" : 0.0,
    "coal_exterior_lighting_ip" : 0.0,
    "coal_fans_ip" : 0.0,
    "coal_generators_ip" : 0.0,
    "coal_heat_recovery_ip" : 0.0,
    "coal_heat_rejection_ip" : 0.0,
    "coal_heating_ip" : 0.0,
    "coal_humidification_ip" : 0.0,
    "coal_interior_equipment_ip" : 0.0,
    "coal_interior_lighting_ip" : 0.0,
    "coal_ip" : 0.0,
    "coal_pumps_ip" : 0.0,
    "coal_refrigeration_ip" : 0.0,
    "coal_water_systems_ip" : 0.0,
    "cost_summary_section" : true,
    "customized_fenestration_u_3_08" : 1791.0048000000002,
    "diesel_cooling_ip" : 0.0,
    "diesel_exterior_equipment_ip" : 0.0,
    "diesel_exterior_lighting_ip" : 0.0,
    "diesel_fans_ip" : 0.0,
    "diesel_generators_ip" : 0.0,
    "diesel_heat_recovery_ip" : 0.0,
    "diesel_heat_rejection_ip" : 0.0,
    "diesel_heating_ip" : 0.0,
    "diesel_humidification_ip" : 0.0,
    "diesel_interior_equipment_ip" : 0.0,
    "diesel_interior_lighting_ip" : 0.0,
    "diesel_ip" : 0.0,
    "diesel_pumps_ip" : 0.0,
    "diesel_refrigeration_ip" : 0.0,
    "diesel_water_systems_ip" : 0.0,
    "district_cooling_cooling_ip" : 0.0,
    "district_cooling_exterior_equipment_ip" : 0.0,
    "district_cooling_exterior_lighting_ip" : 0.0,
    "district_cooling_fans_ip" : 0.0,
    "district_cooling_generators_ip" : 0.0,
    "district_cooling_heat_recovery_ip" : 0.0,
    "district_cooling_heat_rejection_ip" : 0.0,
    "district_cooling_heating_ip" : 0.0,
    "district_cooling_humidification_ip" : 0.0,
    "district_cooling_interior_equipment_ip" : 0.0,
    "district_cooling_interior_lighting_ip" : 0.0,
    "district_cooling_ip" : 0.0,
    "district_cooling_pumps_ip" : 0.0,
    "district_cooling_refrigeration_ip" : 0.0,
    "district_cooling_water_systems_ip" : 0.0,
    "district_heating_steam_cooling_ip" : 0.0,
    "district_heating_steam_exterior_equipment_ip" : 0.0,
    "district_heating_steam_exterior_lighting_ip" : 0.0,
    "district_heating_steam_fans_ip" : 0.0,
    "district_heating_steam_generators_ip" : 0.0,
    "district_heating_steam_heat_recovery_ip" : 0.0,
    "district_heating_steam_heat_rejection_ip" : 0.0,
    "district_heating_steam_heating_ip" : 0.0,
    "district_heating_steam_humidification_ip" : 0.0,
    "district_heating_steam_interior_equipment_ip" : 0.0,
    "district_heating_steam_interior_lighting_ip" : 0.0,
    "district_heating_steam_ip" : 0.0,
    "district_heating_steam_pumps_ip" : 0.0,
    "district_heating_steam_refrigeration_ip" : 0.0,
    "district_heating_steam_water_systems_ip" : 0.0,
    "district_heating_water_cooling_ip" : 0.0,
    "district_heating_water_exterior_equipment_ip" : 0.0,
    "district_heating_water_exterior_lighting_ip" : 0.0,
    "district_heating_water_fans_ip" : 0.0,
    "district_heating_water_generators_ip" : 0.0,
    "district_heating_water_heat_recovery_ip" : 0.0,
    "district_heating_water_heat_rejection_ip" : 0.0,
    "district_heating_water_heating_ip" : 0.0,
    "district_heating_water_humidification_ip" : 0.0,
    "district_heating_water_interior_equipment_ip" : 0.0,
    "district_heating_water_interior_lighting_ip" : 0.0,
    "district_heating_water_ip" : 0.0,
    "district_heating_water_pumps_ip" : 0.0,
    "district_heating_water_refrigeration_ip" : 0.0,
    "district_heating_water_water_systems_ip" : 0.0,
    "electricity_cooling_ip" : 50177.670692549997,
    "electricity_exterior_equipment_ip" : 0.0,
    "electricity_exterior_lighting_ip" : 0.0,
    "electricity_fans_ip" : 76696.916666666672,
    "electricity_generators_ip" : 0.0,
    "electricity_heat_recovery_ip" : 0.0,
    "electricity_heat_rejection_ip" : 0.0,
    "electricity_heating_ip" : 580949.63333333342,
    "electricity_humidification_ip" : 0.0,
    "electricity_interior_equipment_ip" : 170006.63888888891,
    "electricity_interior_lighting_ip" : 0.0,
    "electricity_ip" : 877831.23258023895,
    "electricity_pumps_ip" : 0.37299880000000007,
    "electricity_refrigeration_ip" : 0.0,
    "electricity_water_systems_ip" : 0.0,
    "end_use_cooling" : 50177.777777777774,
    "end_use_electricity_cooling" : 50177.777777777774,
    "end_use_electricity_exterior_equipment" : 0.0,
    "end_use_electricity_exterior_lighting" : 0.0,
    "end_use_electricity_fans" : 76697.222222222219,
    "end_use_electricity_generators" : 0.0,
    "end_use_electricity_heat_recovery" : 0.0,
    "end_use_electricity_heat_rejection" : 0.0,
    "end_use_electricity_heating" : 580950.0,
    "end_use_electricity_humidification" : 0.0,
    "end_use_electricity_interior_equipment" : 170005.55555555556,
    "end_use_electricity_interior_lighting" : 0.0,
    "end_use_electricity_pumps" : 0.0,
    "end_use_electricity_refrigeration" : 0.0,
    "end_use_electricity_water_systems" : 0.0,
    "end_use_exterior_equipment" : 0.0,
    "end_use_exterior_lighting" : 0.0,
    "end_use_fans" : 76697.222222222219,
    "end_use_generators" : 0.0,
    "end_use_heat_recovery" : 0.0,
    "end_use_heat_rejection" : 0.0,
    "end_use_heating" : 580950.0,
    "end_use_humidification" : 0.0,
    "end_use_interior_equipment" : 170005.55555555556,
    "end_use_interior_lighting" : 0.0,
    "end_use_natural_gas_cooling" : 0.0,
    "end_use_natural_gas_exterior_equipment" : 0.0,
    "end_use_natural_gas_exterior_lighting" : 0.0,
    "end_use_natural_gas_fans" : 0.0,
    "end_use_natural_gas_generators" : 0.0,
    "end_use_natural_gas_heat_recovery" : 0.0,
    "end_use_natural_gas_heat_rejection" : 0.0,
    "end_use_natural_gas_heating" : 0.0,
    "end_use_natural_gas_humidification" : 0.0,
    "end_use_natural_gas_interior_equipment" : 0.0,
    "end_use_natural_gas_interior_lighting" : 0.0,
    "end_use_natural_gas_pumps" : 0.0,
    "end_use_natural_gas_refrigeration" : 0.0,
    "end_use_natural_gas_water_systems" : 22444.444444444445,
    "end_use_pumps" : 0.0,
    "end_use_refrigeration" : 0.0,
    "end_use_water_systems" : 22444.444444444445,
    "envelope_section_section" : true,
    "estar_mfhr_whole_building_water_use_equipment" : 0.0035999999999999999,
    "eui" : 244.63994565217391,
    "exterior_light_section" : true,
    "first_year_capital_cost" : 0.0,
    "fuel_coal" : 0.0,
    "fuel_diesel" : 0.0,
    "fuel_district_cooling" : 0.0,
    "fuel_district_heating_steam" : 0.0,
    "fuel_district_heating_water" : 0.0,
    "fuel_electricity" : 2995282.1854429422,
    "fuel_fuel_oil_no_1" : 0.0,
    "fuel_fuel_oil_no_2" : 0.0,
    "fuel_gasoline" : 0.0,
    "fuel_natural_gas" : 76583.62332131603,
    "fuel_oil_no_1_cooling_ip" : 0.0,
    "fuel_oil_no_1_exterior_equipment_ip" : 0.0,
    "fuel_oil_no_1_exterior_lighting_ip" : 0.0,
    "fuel_oil_no_1_fans_ip" : 0.0,
    "fuel_oil_no_1_generators_ip" : 0.0,
    "fuel_oil_no_1_heat_recovery_ip" : 0.0,
    "fuel_oil_no_1_heat_rejection_ip" : 0.0,
    "fuel_oil_no_1_heating_ip" : 0.0,
    "fuel_oil_no_1_humidification_ip" : 0.0,
    "fuel_oil_no_1_interior_equipment_ip" : 0.0,
    "fuel_oil_no_1_interior_lighting_ip" : 0.0,
    "fuel_oil_no_1_ip" : 0.0,
    "fuel_oil_no_1_pumps_ip" : 0.0,
    "fuel_oil_no_1_refrigeration_ip" : 0.0,
    "fuel_oil_no_1_water_systems_ip" : 0.0,
    "fuel_oil_no_2_cooling_ip" : 0.0,
    "fuel_oil_no_2_exterior_equipment_ip" : 0.0,
    "fuel_oil_no_2_exterior_lighting_ip" : 0.0,
    "fuel_oil_no_2_fans_ip" : 0.0,
    "fuel_oil_no_2_generators_ip" : 0.0,
    "fuel_oil_no_2_heat_recovery_ip" : 0.0,
    "fuel_oil_no_2_heat_rejection_ip" : 0.0,
    "fuel_oil_no_2_heating_ip" : 0.0,
    "fuel_oil_no_2_humidification_ip" : 0.0,
    "fuel_oil_no_2_interior_equipment_ip" : 0.0,
    "fuel_oil_no_2_interior_lighting_ip" : 0.0,
    "fuel_oil_no_2_ip" : 0.0,
    "fuel_oil_no_2_pumps_ip" : 0.0,
    "fuel_oil_no_2_refrigeration_ip" : 0.0,
    "fuel_oil_no_2_water_systems_ip" : 0.0,
    "fuel_other_fuel_1" : 0.0,
    "fuel_other_fuel_2" : 0.0,
    "fuel_propane" : 0.0,
    "gasoline_cooling_ip" : 0.0,
    "gasoline_exterior_equipment_ip" : 0.0,
    "gasoline_exterior_lighting_ip" : 0.0,
    "gasoline_fans_ip" : 0.0,
    "gasoline_generators_ip" : 0.0,
    "gasoline_heat_recovery_ip" : 0.0,
    "gasoline_heat_rejection_ip" : 0.0,
    "gasoline_heating_ip" : 0.0,
    "gasoline_humidification_ip" : 0.0,
    "gasoline_interior_equipment_ip" : 0.0,
    "gasoline_interior_lighting_ip" : 0.0,
    "gasoline_ip" : 0.0,
    "gasoline_pumps_ip" : 0.0,
    "gasoline_refrigeration_ip" : 0.0,
    "gasoline_water_systems_ip" : 0.0,
    "gross_window_wall_ratio" : 32.359999999999999,
    "gross_window_wall_ratio_conditioned" : 32.359999999999999,
    "hvac_load_profile" : true,
    "inflation_approach" : "Constant Dollar",
    "interior_lighting_section" : true,
    "measure_warning_section" : true,
    "monthly_overview_section" : true,
    "natural_gas_cooling_ip" : 0.0,
    "natural_gas_exterior_equipment_ip" : 0.0,
    "natural_gas_exterior_lighting_ip" : 0.0,
    "natural_gas_fans_ip" : 0.0,
    "natural_gas_generators_ip" : 0.0,
    "natural_gas_heat_recovery_ip" : 0.0,
    "natural_gas_heat_rejection_ip" : 0.0,
    "natural_gas_heating_ip" : 0.0,
    "natural_gas_humidification_ip" : 0.0,
    "natural_gas_interior_equipment_ip" : 0.0,
    "natural_gas_interior_lighting_ip" : 0.0,
    "natural_gas_ip" : 22443.113888888889,
    "natural_gas_pumps_ip" : 0.0,
    "natural_gas_refrigeration_ip" : 0.0,
    "natural_gas_water_systems_ip" : 22443.113888888889,
    "net_site_energy" : 900275.0,
    "num_zones_x_hours_over_55" : 44,
    "num_zones_x_hours_over_70" : 44,
    "number_of_measures_with_warnings" : 1,
    "number_warnings" : 3,
    "other_fuel_1_cooling_ip" : 0.0,
    "other_fuel_1_exterior_equipment_ip" : 0.0,
    "other_fuel_1_exterior_lighting_ip" : 0.0,
    "other_fuel_1_fans_ip" : 0.0,
    "other_fuel_1_generators_ip" : 0.0,
    "other_fuel_1_heat_recovery_ip" : 0.0,
    "other_fuel_1_heat_rejection_ip" : 0.0,
    "other_fuel_1_heating_ip" : 0.0,
    "other_fuel_1_humidification_ip" : 0.0,
    "other_fuel_1_interior_equipment_ip" : 0.0,
    "other_fuel_1_interior_lighting_ip" : 0.0,
    "other_fuel_1_ip" : 0.0,
    "other_fuel_1_pumps_ip" : 0.0,
    "other_fuel_1_refrigeration_ip" : 0.0,
    "other_fuel_1_water_systems_ip" : 0.0,
    "other_fuel_2_cooling_ip" : 0.0,
    "other_fuel_2_exterior_equipment_ip" : 0.0,
    "other_fuel_2_exterior_lighting_ip" : 0.0,
    "other_fuel_2_fans_ip" : 0.0,
    "other_fuel_2_generators_ip" : 0.0,
    "other_fuel_2_heat_recovery_ip" : 0.0,
    "other_fuel_2_heat_rejection_ip" : 0.0,
    "other_fuel_2_heating_ip" : 0.0,
    "other_fuel_2_humidification_ip" : 0.0,
    "other_fuel_2_interior_equipment_ip" : 0.0,
    "other_fuel_2_interior_lighting_ip" : 0.0,
    "other_fuel_2_ip" : 0.0,
    "other_fuel_2_pumps_ip" : 0.0,
    "other_fuel_2_refrigeration_ip" : 0.0,
    "other_fuel_2_water_systems_ip" : 0.0,
    "outdoor_air_section" : true,
    "plant_loops_detail_section" : true,
    "plug_loads_section" : true,
    "propane_cooling_ip" : 0.0,
    "propane_exterior_equipment_ip" : 0.0,
    "propane_exterior_lighting_ip" : 0.0,
    "propane_fans_ip" : 0.0,
    "propane_generators_ip" : 0.0,
    "propane_heat_recovery_ip" : 0.0,
    "propane_heat_rejection_ip" : 0.0,
    "propane_heating_ip" : 0.0,
    "propane_humidification_ip" : 0.0,
    "propane_interior_equipment_ip" : 0.0,
    "propane_interior_lighting_ip" : 0.0,
    "propane_ip" : 0.0,
    "propane_pumps_ip" : 0.0,
    "propane_refrigeration_ip" : 0.0,
    "propane_water_systems_ip" : 0.0,
    "reg_monthly_details" : false,
    "schedules_overview_section" : true,
    "skylight_roof_ratio" : 0.0,
    "source_energy_section" : true,
    "space_type_breakdown_section" : true,
    "space_type_details_section" : true,
    "space_type_murb_lobby" : 320.00000000000011,
    "space_type_murb_small_1" : 3360.0,
    "standards_gem_version" : "0.5.0",
    "surface_101_c_tbd" : 17.068800000000039,
    "surface_102_c_tbd" : 17.373599999999975,
    "surface_103_c_tbd" : 1.8287999999999938,
    "surface_105_c_tbd" : 22.402799999999985,
    "surface_108_c_tbd" : 17.068800000000039,
    "surface_109_c_tbd" : 22.402799999999989,
    "surface_10_c_tbd" : 1.8287999999999982,
    "surface_111_c_tbd" : 19.202399999999948,
    "surface_114_c_tbd" : 17.068800000000039,
    "surface_115_c_tbd" : 19.202399999999951,
    "surface_117_c_tbd" : 22.402799999999985,
    "surface_120_c_tbd" : 17.068800000000039,
    "surface_121_c_tbd" : 22.402799999999989,
    "surface_123_c_tbd" : 19.202399999999948,
    "surface_126_c_tbd" : 17.068800000000039,
    "surface_127_c_tbd" : 19.202399999999951,
    "surface_129_c_tbd" : 22.402799999999985,
    "surface_132_c_tbd" : 17.068800000000039,
    "surface_133_c_tbd" : 22.402799999999989,
    "surface_135_c_tbd" : 19.202399999999948,
    "surface_138_c_tbd" : 17.068800000000039,
    "surface_139_c_tbd" : 19.202399999999951,
    "surface_141_c_tbd" : 22.402799999999985,
    "surface_144_c_tbd" : 17.068800000000039,
    "surface_145_c_tbd" : 22.402799999999989,
    "surface_147_c_tbd" : 19.202399999999948,
    "surface_151_c_tbd" : 22.402799999999992,
    "surface_152_c_tbd" : 17.068800000000039,
    "surface_153_c_tbd" : 19.202399999999948,
    "surface_156_c_tbd" : 17.068800000000039,
    "surface_157_c_tbd" : 15.544799999999974,
    "surface_158_c_tbd" : 3.6575999999999906,
    "surface_159_c_tbd" : 17.068800000000039,
    "surface_160_c_tbd" : 22.402799999999985,
    "surface_161_c_tbd" : 84.0,
    "surface_163_c_tbd" : 17.068800000000039,
    "surface_164_c_tbd" : 22.402799999999989,
    "surface_165_c_tbd" : 17.068800000000039,
    "surface_166_c_tbd" : 19.202399999999948,
    "surface_167_c_tbd" : 84.0,
    "surface_169_c_tbd" : 17.068800000000039,
    "surface_16_c_tbd" : 4.2671999999999972,
    "surface_170_c_tbd" : 22.402799999999989,
    "surface_171_c_tbd" : 17.068800000000039,
    "surface_172_c_tbd" : 19.202399999999948,
    "surface_173_c_tbd" : 84.0,
    "surface_175_c_tbd" : 17.068800000000039,
    "surface_176_c_tbd" : 19.202399999999951,
    "surface_177_c_tbd" : 17.068800000000039,
    "surface_178_c_tbd" : 22.402799999999985,
    "surface_179_c_tbd" : 84.0,
    "surface_181_c_tbd" : 17.068800000000039,
    "surface_182_c_tbd" : 22.402799999999992,
    "surface_183_c_tbd" : 17.068800000000039,
    "surface_184_c_tbd" : 19.202399999999948,
    "surface_185_c_tbd" : 84.0,
    "surface_187_c_tbd" : 17.068800000000039,
    "surface_188_c_tbd" : 19.202399999999951,
    "surface_189_c_tbd" : 17.068800000000039,
    "surface_190_c_tbd" : 22.402799999999985,
    "surface_191_c_tbd" : 84.0,
    "surface_193_c_tbd" : 17.068800000000039,
    "surface_194_c_tbd" : 22.402799999999989,
    "surface_195_c_tbd" : 17.068800000000039,
    "surface_196_c_tbd" : 19.202399999999948,
    "surface_197_c_tbd" : 84.0,
    "surface_199_c_tbd" : 17.068800000000039,
    "surface_200_c_tbd" : 17.373599999999975,
    "surface_201_c_tbd" : 1.8287999999999938,
    "surface_202_c_tbd" : 17.068800000000042,
    "surface_203_c_tbd" : 22.402799999999985,
    "surface_204_c_tbd" : 84.0,
    "surface_206_c_tbd" : 17.068800000000039,
    "surface_207_c_tbd" : 22.402799999999989,
    "surface_208_c_tbd" : 17.068800000000039,
    "surface_209_c_tbd" : 19.202399999999948,
    "surface_210_c_tbd" : 84.0,
    "surface_212_c_tbd" : 17.068800000000039,
    "surface_213_c_tbd" : 19.202399999999951,
    "surface_214_c_tbd" : 17.068800000000039,
    "surface_215_c_tbd" : 22.402799999999985,
    "surface_216_c_tbd" : 84.0,
    "surface_218_c_tbd" : 1.8287999999999933,
    "surface_219_c_tbd" : 1.8287999999999982,
    "surface_220_c_tbd" : 17.068800000000039,
    "surface_221_c_tbd" : 17.068800000000035,
    "surface_222_c_tbd" : 17.068800000000039,
    "surface_223_c_tbd" : 17.068800000000039,
    "surface_224_c_tbd" : 17.068800000000032,
    "surface_225_c_tbd" : 4.2671999999999972,
    "surface_226_c_tbd" : 17.068800000000032,
    "surface_227_c_tbd" : 17.068800000000039,
    "surface_228_c_tbd" : 17.068800000000039,
    "surface_229_c_tbd" : 17.068800000000035,
    "surface_230_c_tbd" : 17.068800000000039,
    "surface_231_c_tbd" : 80.000000000000028,
    "surface_233_c_tbd" : 17.068800000000039,
    "surface_234_c_tbd" : 19.202399999999951,
    "surface_235_c_tbd" : 17.068800000000039,
    "surface_236_c_tbd" : 22.402799999999985,
    "surface_237_c_tbd" : 84.0,
    "surface_239_c_tbd" : 17.068800000000039,
    "surface_240_c_tbd" : 15.544799999999974,
    "surface_241_c_tbd" : 3.6575999999999906,
    "surface_242_c_tbd" : 17.068800000000039,
    "surface_243_c_tbd" : 22.402799999999985,
    "surface_244_c_tbd" : 84.0,
    "surface_246_c_tbd" : 17.068800000000039,
    "surface_247_c_tbd" : 22.402799999999989,
    "surface_248_c_tbd" : 17.068800000000039,
    "surface_249_c_tbd" : 19.202399999999948,
    "surface_24_c_tbd" : 17.068800000000039,
    "surface_250_c_tbd" : 84.0,
    "surface_252_c_tbd" : 17.068800000000039,
    "surface_253_c_tbd" : 22.402799999999992,
    "surface_254_c_tbd" : 17.068800000000039,
    "surface_255_c_tbd" : 19.202399999999948,
    "surface_256_c_tbd" : 84.0,
    "surface_258_c_tbd" : 17.068800000000039,
    "surface_259_c_tbd" : 22.402799999999989,
    "surface_25_c_tbd" : 17.373599999999975,
    "surface_260_c_tbd" : 17.068800000000039,
    "surface_261_c_tbd" : 19.202399999999948,
    "surface_262_c_tbd" : 84.0,
    "surface_264_c_tbd" : 1.8287999999999933,
    "surface_265_c_tbd" : 1.8287999999999982,
    "surface_266_c_tbd" : 17.068800000000039,
    "surface_267_c_tbd" : 17.068800000000035,
    "surface_268_c_tbd" : 17.068800000000039,
    "surface_269_c_tbd" : 17.068800000000039,
    "surface_26_c_tbd" : 1.8287999999999938,
    "surface_270_c_tbd" : 17.068800000000032,
    "surface_271_c_tbd" : 4.2671999999999972,
    "surface_272_c_tbd" : 17.068800000000032,
    "surface_273_c_tbd" : 17.068800000000039,
    "surface_274_c_tbd" : 17.068800000000039,
    "surface_275_c_tbd" : 17.068800000000035,
    "surface_276_c_tbd" : 17.068800000000039,
    "surface_277_c_tbd" : 80.000000000000028,
    "surface_279_c_tbd" : 17.068800000000039,
    "surface_280_c_tbd" : 19.202399999999951,
    "surface_281_c_tbd" : 17.068800000000039,
    "surface_282_c_tbd" : 22.402799999999985,
    "surface_283_c_tbd" : 84.0,
    "surface_285_c_tbd" : 17.068800000000039,
    "surface_286_c_tbd" : 19.202399999999951,
    "surface_287_c_tbd" : 17.068800000000039,
    "surface_288_c_tbd" : 22.402799999999985,
    "surface_289_c_tbd" : 84.0,
    "surface_28_c_tbd" : 22.402799999999985,
    "surface_291_c_tbd" : 17.068800000000039,
    "surface_292_c_tbd" : 22.402799999999989,
    "surface_293_c_tbd" : 17.068800000000039,
    "surface_294_c_tbd" : 19.202399999999948,
    "surface_295_c_tbd" : 84.0,
    "surface_297_c_tbd" : 17.068800000000039,
    "surface_298_c_tbd" : 22.402799999999989,
    "surface_299_c_tbd" : 17.068800000000039,
    "surface_300_c_tbd" : 19.202399999999948,
    "surface_301_c_tbd" : 84.0,
    "surface_303_c_tbd" : 17.068800000000039,
    "surface_304_c_tbd" : 17.373599999999975,
    "surface_305_c_tbd" : 1.8287999999999938,
    "surface_306_c_tbd" : 17.068800000000042,
    "surface_307_c_tbd" : 22.402799999999985,
    "surface_308_c_tbd" : 84.0,
    "surface_31_c_tbd" : 17.068800000000039,
    "surface_32_c_tbd" : 22.402799999999989,
    "surface_34_c_tbd" : 19.202399999999948,
    "surface_37_c_tbd" : 17.068800000000039,
    "surface_38_c_tbd" : 19.202399999999951,
    "surface_3_c_tbd" : 15.544799999999974,
    "surface_40_c_tbd" : 22.402799999999985,
    "surface_43_c_tbd" : 17.068800000000039,
    "surface_44_c_tbd" : 22.402799999999989,
    "surface_46_c_tbd" : 19.202399999999948,
    "surface_49_c_tbd" : 17.068800000000039,
    "surface_4_c_tbd" : 3.6575999999999906,
    "surface_50_c_tbd" : 19.202399999999951,
    "surface_52_c_tbd" : 22.402799999999985,
    "surface_55_c_tbd" : 17.068800000000039,
    "surface_56_c_tbd" : 22.402799999999989,
    "surface_58_c_tbd" : 19.202399999999948,
    "surface_5_c_tbd" : 17.068800000000039,
    "surface_61_c_tbd" : 17.068800000000039,
    "surface_62_c_tbd" : 19.202399999999951,
    "surface_64_c_tbd" : 22.402799999999985,
    "surface_67_c_tbd" : 17.068800000000039,
    "surface_68_c_tbd" : 22.402799999999989,
    "surface_6_c_tbd" : 22.402799999999985,
    "surface_70_c_tbd" : 19.202399999999948,
    "surface_74_c_tbd" : 22.402799999999992,
    "surface_75_c_tbd" : 17.068800000000039,
    "surface_76_c_tbd" : 19.202399999999948,
    "surface_80_c_tbd" : 15.544799999999974,
    "surface_81_c_tbd" : 3.6575999999999906,
    "surface_82_c_tbd" : 17.068800000000039,
    "surface_83_c_tbd" : 22.402799999999985,
    "surface_86_c_tbd" : 1.8287999999999933,
    "surface_87_c_tbd" : 1.8287999999999982,
    "surface_93_c_tbd" : 4.2671999999999972,
    "surface_9_c_tbd" : 1.8287999999999933,
    "total_building_area" : 3680.0,
    "total_lifecycle_cost" : 0.0,
    "total_site_energy" : 900275.0,
    "total_site_eui" : 244.63994565217391,
    "typical_iead_roof_19802010_6_a" : 920.0,
    "typical_insulated_exterior_mass_wall_r_7_gbc" : 682.75200000000086,
    "units" : "SI",
    "unmet_hours_during_cooling" : 34.170000000000002,
    "unmet_hours_during_heating" : 251.0,
    "unmet_hours_during_occupied_cooling" : 0.0,
    "unmet_hours_during_occupied_heating" : 245.0,
    "unmet_hours_tolerance_cooling" : 0.20000000000000001,
    "unmet_hours_tolerance_heating" : 0.20000000000000001,
    "utility_bills_rates_section" : true,
    "water_use_section" : true,
    "zone_condition_section" : true,
    "zone_equipment_detail_section" : true,
    "zone_max_hours_over_55_rh" : 1240.0,
    "zone_max_hours_over_70_rh" : 324.0,
    "zone_summary_section" : true
  },
  "Set Window to Wall Ratio by Facade" : 
  {
    "applicable" : true,
    "exl_spaces_not_incl_fl_area" : true,
    "facade" : "South",
    "inset_tri_sub" : true,
    "sillHeight" : 30.0,
    "split_at_doors" : "Split Walls at Doors",
    "triangulate" : true,
    "triangulation_min_area" : 0.001,
    "wwr" : 0.40000000000000002
  },
  "SetNISTInfiltrationCorrelations" : 
  {
    "air_barrier" : false,
    "airtightness_area" : "5-sided",
    "airtightness_pressure" : 75.0,
    "airtightness_value" : 3.0,
    "applicable" : true,
    "building_type" : "HighriseApartment",
    "climate_zone" : "6A",
    "design_infiltration_4_pa" : 0.0001239846519214779,
    "hvac_schedule" : "Lookup From Model"
  },
  "Thermal Bridging and Derating - TBD" : 
  {
    "alter_model" : true,
    "applicable" : true,
    "floor_option" : "NONE",
    "floor_ut" : 0.16200000000000001,
    "gen_UA_report" : false,
    "gen_kiva" : false,
    "gen_kiva_force" : false,
    "load_tbd_json" : false,
    "option" : "regular (BETBG)",
    "parapet" : true,
    "reset_kiva" : false,
    "roof_option" : "NONE",
    "roof_ut" : 0.13800000000000001,
    "sub_tol" : 0.01,
    "ua_reference" : "code (Quebec)",
    "wall_option" : "NONE",
    "wall_ut" : 0.20999999999999999,
    "write_tbd_json" : false
  }
}