{
  "Add Wind and Stack Open Area" : 
  {
    "applicable" : true
  },
  "AssignConstructionSetToBuilding" : 
  {
    "applicable" : true,
    "construction_set" : "{e0ce3521-4e53-4eca-8017-2f1c8dec2b50}"
  },
  "OpenStudio Results" : 
  {
    "air_loops_detail_section" : true,
    "analysis_length" : 25,
    "annual_overview_section" : true,
    "annual_peak_electric_demand" : 1709.5663000000002,
    "annual_utility_cost" : 0.0,
    "applicable" : true,
    "building_name" : "n/a",
    "building_summary_section" : true,
    "coal_cooling_ip" : 0.0,
    "coal_exterior_equipment_ip" : 0.0,
    "coal_exterior_lighting_ip" : 0.0,
    "coal_fans_ip" : 0.0,
    "coal_generators_ip" : 0.0,
    "coal_heat_recovery_ip" : 0.0,
    "coal_heat_rejection_ip" : 0.0,
    "coal_heating_ip" : 0.0,
    "coal_humidification_ip" : 0.0,
    "coal_interior_equipment_ip" : 0.0,
    "coal_interior_lighting_ip" : 0.0,
    "coal_ip" : 0.0,
    "coal_pumps_ip" : 0.0,
    "coal_refrigeration_ip" : 0.0,
    "coal_water_systems_ip" : 0.0,
    "cost_summary_section" : true,
    "customized_fenestration_u_3_36" : 4541.3144490101095,
    "diesel_cooling_ip" : 0.0,
    "diesel_exterior_equipment_ip" : 0.0,
    "diesel_exterior_lighting_ip" : 0.0,
    "diesel_fans_ip" : 0.0,
    "diesel_generators_ip" : 0.0,
    "diesel_heat_recovery_ip" : 0.0,
    "diesel_heat_rejection_ip" : 0.0,
    "diesel_heating_ip" : 0.0,
    "diesel_humidification_ip" : 0.0,
    "diesel_interior_equipment_ip" : 0.0,
    "diesel_interior_lighting_ip" : 0.0,
    "diesel_ip" : 0.0,
    "diesel_pumps_ip" : 0.0,
    "diesel_refrigeration_ip" : 0.0,
    "diesel_water_systems_ip" : 0.0,
    "district_cooling_cooling_ip" : 0.0,
    "district_cooling_exterior_equipment_ip" : 0.0,
    "district_cooling_exterior_lighting_ip" : 0.0,
    "district_cooling_fans_ip" : 0.0,
    "district_cooling_generators_ip" : 0.0,
    "district_cooling_heat_recovery_ip" : 0.0,
    "district_cooling_heat_rejection_ip" : 0.0,
    "district_cooling_heating_ip" : 0.0,
    "district_cooling_humidification_ip" : 0.0,
    "district_cooling_interior_equipment_ip" : 0.0,
    "district_cooling_interior_lighting_ip" : 0.0,
    "district_cooling_ip" : 0.0,
    "district_cooling_pumps_ip" : 0.0,
    "district_cooling_refrigeration_ip" : 0.0,
    "district_cooling_water_systems_ip" : 0.0,
    "district_heating_steam_cooling_ip" : 0.0,
    "district_heating_steam_exterior_equipment_ip" : 0.0,
    "district_heating_steam_exterior_lighting_ip" : 0.0,
    "district_heating_steam_fans_ip" : 0.0,
    "district_heating_steam_generators_ip" : 0.0,
    "district_heating_steam_heat_recovery_ip" : 0.0,
    "district_heating_steam_heat_rejection_ip" : 0.0,
    "district_heating_steam_heating_ip" : 0.0,
    "district_heating_steam_humidification_ip" : 0.0,
    "district_heating_steam_interior_equipment_ip" : 0.0,
    "district_heating_steam_interior_lighting_ip" : 0.0,
    "district_heating_steam_ip" : 0.0,
    "district_heating_steam_pumps_ip" : 0.0,
    "district_heating_steam_refrigeration_ip" : 0.0,
    "district_heating_steam_water_systems_ip" : 0.0,
    "district_heating_water_cooling_ip" : 0.0,
    "district_heating_water_exterior_equipment_ip" : 0.0,
    "district_heating_water_exterior_lighting_ip" : 0.0,
    "district_heating_water_fans_ip" : 0.0,
    "district_heating_water_generators_ip" : 0.0,
    "district_heating_water_heat_recovery_ip" : 0.0,
    "district_heating_water_heat_rejection_ip" : 0.0,
    "district_heating_water_heating_ip" : 0.0,
    "district_heating_water_humidification_ip" : 0.0,
    "district_heating_water_interior_equipment_ip" : 0.0,
    "district_heating_water_interior_lighting_ip" : 0.0,
    "district_heating_water_ip" : 0.0,
    "district_heating_water_pumps_ip" : 0.0,
    "district_heating_water_refrigeration_ip" : 0.0,
    "district_heating_water_water_systems_ip" : 0.0,
    "electricity_cooling_ip" : 250920.87722222222,
    "electricity_exterior_equipment_ip" : 0.0,
    "electricity_exterior_lighting_ip" : 0.0,
    "electricity_fans_ip" : 255252.05555555556,
    "electricity_generators_ip" : 0.0,
    "electricity_heat_recovery_ip" : 0.0,
    "electricity_heat_rejection_ip" : 0.0,
    "electricity_heating_ip" : 2017479.6029083864,
    "electricity_humidification_ip" : 0.0,
    "electricity_interior_equipment_ip" : 527900.83333333337,
    "electricity_interior_lighting_ip" : 0.0,
    "electricity_ip" : 3051665.3059604005,
    "electricity_pumps_ip" : 111.93694090277778,
    "electricity_refrigeration_ip" : 0.0,
    "electricity_water_systems_ip" : 0.0,
    "end_use_cooling" : 250922.22222222222,
    "end_use_electricity_cooling" : 250922.22222222222,
    "end_use_electricity_exterior_equipment" : 0.0,
    "end_use_electricity_exterior_lighting" : 0.0,
    "end_use_electricity_fans" : 255252.77777777781,
    "end_use_electricity_generators" : 0.0,
    "end_use_electricity_heat_recovery" : 0.0,
    "end_use_electricity_heat_rejection" : 0.0,
    "end_use_electricity_heating" : 2017480.5555555557,
    "end_use_electricity_humidification" : 0.0,
    "end_use_electricity_interior_equipment" : 527900.0,
    "end_use_electricity_interior_lighting" : 0.0,
    "end_use_electricity_pumps" : 111.11111111111111,
    "end_use_electricity_refrigeration" : 0.0,
    "end_use_electricity_water_systems" : 0.0,
    "end_use_exterior_equipment" : 0.0,
    "end_use_exterior_lighting" : 0.0,
    "end_use_fans" : 255252.77777777781,
    "end_use_generators" : 0.0,
    "end_use_heat_recovery" : 0.0,
    "end_use_heat_rejection" : 0.0,
    "end_use_heating" : 2017480.5555555557,
    "end_use_humidification" : 0.0,
    "end_use_interior_equipment" : 527900.0,
    "end_use_interior_lighting" : 0.0,
    "end_use_natural_gas_cooling" : 0.0,
    "end_use_natural_gas_exterior_equipment" : 0.0,
    "end_use_natural_gas_exterior_lighting" : 0.0,
    "end_use_natural_gas_fans" : 0.0,
    "end_use_natural_gas_generators" : 0.0,
    "end_use_natural_gas_heat_recovery" : 0.0,
    "end_use_natural_gas_heat_rejection" : 0.0,
    "end_use_natural_gas_heating" : 0.0,
    "end_use_natural_gas_humidification" : 0.0,
    "end_use_natural_gas_interior_equipment" : 0.0,
    "end_use_natural_gas_interior_lighting" : 0.0,
    "end_use_natural_gas_pumps" : 0.0,
    "end_use_natural_gas_refrigeration" : 0.0,
    "end_use_natural_gas_water_systems" : 186194.44444444444,
    "end_use_pumps" : 111.11111111111111,
    "end_use_refrigeration" : 0.0,
    "end_use_water_systems" : 186194.44444444444,
    "envelope_section_section" : true,
    "estar_mfhr_whole_building_water_use_equipment" : 1.0799999999999998,
    "eui" : 234.75860524431104,
    "exterior_light_section" : true,
    "first_year_capital_cost" : 0.0,
    "fuel_coal" : 0.0,
    "fuel_diesel" : 0.0,
    "fuel_district_cooling" : 0.0,
    "fuel_district_heating_steam" : 0.0,
    "fuel_district_heating_water" : 0.0,
    "fuel_electricity" : 10412718.883762104,
    "fuel_fuel_oil_no_1" : 0.0,
    "fuel_fuel_oil_no_2" : 0.0,
    "fuel_gasoline" : 0.0,
    "fuel_natural_gas" : 635321.81574601657,
    "fuel_oil_no_1_cooling_ip" : 0.0,
    "fuel_oil_no_1_exterior_equipment_ip" : 0.0,
    "fuel_oil_no_1_exterior_lighting_ip" : 0.0,
    "fuel_oil_no_1_fans_ip" : 0.0,
    "fuel_oil_no_1_generators_ip" : 0.0,
    "fuel_oil_no_1_heat_recovery_ip" : 0.0,
    "fuel_oil_no_1_heat_rejection_ip" : 0.0,
    "fuel_oil_no_1_heating_ip" : 0.0,
    "fuel_oil_no_1_humidification_ip" : 0.0,
    "fuel_oil_no_1_interior_equipment_ip" : 0.0,
    "fuel_oil_no_1_interior_lighting_ip" : 0.0,
    "fuel_oil_no_1_ip" : 0.0,
    "fuel_oil_no_1_pumps_ip" : 0.0,
    "fuel_oil_no_1_refrigeration_ip" : 0.0,
    "fuel_oil_no_1_water_systems_ip" : 0.0,
    "fuel_oil_no_2_cooling_ip" : 0.0,
    "fuel_oil_no_2_exterior_equipment_ip" : 0.0,
    "fuel_oil_no_2_exterior_lighting_ip" : 0.0,
    "fuel_oil_no_2_fans_ip" : 0.0,
    "fuel_oil_no_2_generators_ip" : 0.0,
    "fuel_oil_no_2_heat_recovery_ip" : 0.0,
    "fuel_oil_no_2_heat_rejection_ip" : 0.0,
    "fuel_oil_no_2_heating_ip" : 0.0,
    "fuel_oil_no_2_humidification_ip" : 0.0,
    "fuel_oil_no_2_interior_equipment_ip" : 0.0,
    "fuel_oil_no_2_interior_lighting_ip" : 0.0,
    "fuel_oil_no_2_ip" : 0.0,
    "fuel_oil_no_2_pumps_ip" : 0.0,
    "fuel_oil_no_2_refrigeration_ip" : 0.0,
    "fuel_oil_no_2_water_systems_ip" : 0.0,
    "fuel_other_fuel_1" : 0.0,
    "fuel_other_fuel_2" : 0.0,
    "fuel_propane" : 0.0,
    "gasoline_cooling_ip" : 0.0,
    "gasoline_exterior_equipment_ip" : 0.0,
    "gasoline_exterior_lighting_ip" : 0.0,
    "gasoline_fans_ip" : 0.0,
    "gasoline_generators_ip" : 0.0,
    "gasoline_heat_recovery_ip" : 0.0,
    "gasoline_heat_rejection_ip" : 0.0,
    "gasoline_heating_ip" : 0.0,
    "gasoline_humidification_ip" : 0.0,
    "gasoline_interior_equipment_ip" : 0.0,
    "gasoline_interior_lighting_ip" : 0.0,
    "gasoline_ip" : 0.0,
    "gasoline_pumps_ip" : 0.0,
    "gasoline_refrigeration_ip" : 0.0,
    "gasoline_water_systems_ip" : 0.0,
    "generic_exterior_wall_uninsulated" : 455.09721308529942,
    "gross_window_wall_ratio" : 30.0,
    "gross_window_wall_ratio_conditioned" : 30.0,
    "hvac_load_profile" : true,
    "inflation_approach" : "Constant Dollar",
    "interior_lighting_section" : true,
    "measure_warning_section" : true,
    "monthly_overview_section" : true,
    "natural_gas_cooling_ip" : 0.0,
    "natural_gas_exterior_equipment_ip" : 0.0,
    "natural_gas_exterior_lighting_ip" : 0.0,
    "natural_gas_fans_ip" : 0.0,
    "natural_gas_generators_ip" : 0.0,
    "natural_gas_heat_recovery_ip" : 0.0,
    "natural_gas_heat_rejection_ip" : 0.0,
    "natural_gas_heating_ip" : 0.0,
    "natural_gas_humidification_ip" : 0.0,
    "natural_gas_interior_equipment_ip" : 0.0,
    "natural_gas_interior_lighting_ip" : 0.0,
    "natural_gas_ip" : 186194.66666666666,
    "natural_gas_pumps_ip" : 0.0,
    "natural_gas_refrigeration_ip" : 0.0,
    "natural_gas_water_systems_ip" : 186194.66666666666,
    "net_site_energy" : 3237861.111111111,
    "num_zones_x_hours_over_55" : 23,
    "num_zones_x_hours_over_70" : 19,
    "number_of_measures_with_warnings" : 1,
    "number_warnings" : 3,
    "other_fuel_1_cooling_ip" : 0.0,
    "other_fuel_1_exterior_equipment_ip" : 0.0,
    "other_fuel_1_exterior_lighting_ip" : 0.0,
    "other_fuel_1_fans_ip" : 0.0,
    "other_fuel_1_generators_ip" : 0.0,
    "other_fuel_1_heat_recovery_ip" : 0.0,
    "other_fuel_1_heat_rejection_ip" : 0.0,
    "other_fuel_1_heating_ip" : 0.0,
    "other_fuel_1_humidification_ip" : 0.0,
    "other_fuel_1_interior_equipment_ip" : 0.0,
    "other_fuel_1_interior_lighting_ip" : 0.0,
    "other_fuel_1_ip" : 0.0,
    "other_fuel_1_pumps_ip" : 0.0,
    "other_fuel_1_refrigeration_ip" : 0.0,
    "other_fuel_1_water_systems_ip" : 0.0,
    "other_fuel_2_cooling_ip" : 0.0,
    "other_fuel_2_exterior_equipment_ip" : 0.0,
    "other_fuel_2_exterior_lighting_ip" : 0.0,
    "other_fuel_2_fans_ip" : 0.0,
    "other_fuel_2_generators_ip" : 0.0,
    "other_fuel_2_heat_recovery_ip" : 0.0,
    "other_fuel_2_heat_rejection_ip" : 0.0,
    "other_fuel_2_heating_ip" : 0.0,
    "other_fuel_2_humidification_ip" : 0.0,
    "other_fuel_2_interior_equipment_ip" : 0.0,
    "other_fuel_2_interior_lighting_ip" : 0.0,
    "other_fuel_2_ip" : 0.0,
    "other_fuel_2_pumps_ip" : 0.0,
    "other_fuel_2_refrigeration_ip" : 0.0,
    "other_fuel_2_water_systems_ip" : 0.0,
    "outdoor_air_section" : true,
    "plant_loops_detail_section" : true,
    "plug_loads_section" : true,
    "propane_cooling_ip" : 0.0,
    "propane_exterior_equipment_ip" : 0.0,
    "propane_exterior_lighting_ip" : 0.0,
    "propane_fans_ip" : 0.0,
    "propane_generators_ip" : 0.0,
    "propane_heat_recovery_ip" : 0.0,
    "propane_heat_rejection_ip" : 0.0,
    "propane_heating_ip" : 0.0,
    "propane_humidification_ip" : 0.0,
    "propane_interior_equipment_ip" : 0.0,
    "propane_interior_lighting_ip" : 0.0,
    "propane_ip" : 0.0,
    "propane_pumps_ip" : 0.0,
    "propane_refrigeration_ip" : 0.0,
    "propane_water_systems_ip" : 0.0,
    "reg_monthly_details" : false,
    "schedules_overview_section" : true,
    "skylight_roof_ratio" : 0.0,
    "source_energy_section" : true,
    "space_type_breakdown_section" : true,
    "space_type_bureaux" : 2278.9000000000001,
    "space_type_details_section" : true,
    "space_type_murb_large" : 10433.4,
    "space_type_murb_lobby" : 1080.0,
    "standards_gem_version" : "0.5.0",
    "surface_100_c_tbd" : 21.400008000000042,
    "surface_101_c_tbd" : 37.402007999999952,
    "surface_102_c_tbd" : 21.33600000000002,
    "surface_103_c_tbd" : 8.5344000000000069,
    "surface_104_c_tbd" : 4.2671999999999946,
    "surface_105_c_tbd" : 24.600491271324881,
    "surface_106_c_tbd" : 175.47294999999991,
    "surface_108_c_tbd" : 24.472391999999981,
    "surface_109_c_tbd" : 24.600491271324881,
    "surface_110_c_tbd" : 24.536399999999993,
    "surface_111_c_tbd" : 24.600407999999998,
    "surface_112_c_tbd" : 132.42205000000001,
    "surface_114_c_tbd" : 23.469599999999971,
    "surface_115_c_tbd" : 24.600491271324881,
    "surface_116_c_tbd" : 23.533608000000001,
    "surface_117_c_tbd" : 24.600407999999998,
    "surface_118_c_tbd" : 127.00295,
    "surface_120_c_tbd" : 24.536399999999993,
    "surface_121_c_tbd" : 24.600408000000002,
    "surface_122_c_tbd" : 24.536399999999993,
    "surface_123_c_tbd" : 24.600407999999998,
    "surface_124_c_tbd" : 132.595,
    "surface_126_c_tbd" : 96.012000000000114,
    "surface_127_c_tbd" : 4.2671999999999937,
    "surface_128_c_tbd" : 23.469599999999964,
    "surface_129_c_tbd" : 23.469599999999968,
    "surface_12_c_tbd" : 23.533608000000001,
    "surface_130_c_tbd" : 24.536399999999993,
    "surface_131_c_tbd" : 24.536399999999993,
    "surface_132_c_tbd" : 4.2671999999999946,
    "surface_133_c_tbd" : 90.0,
    "surface_135_c_tbd" : 23.469599999999971,
    "surface_136_c_tbd" : 24.600408000000002,
    "surface_137_c_tbd" : 23.469599999999968,
    "surface_138_c_tbd" : 24.600407999999998,
    "surface_139_c_tbd" : 126.83,
    "surface_141_c_tbd" : 4.2671999999999937,
    "surface_142_c_tbd" : 8.5344000000000015,
    "surface_143_c_tbd" : 21.336000000000034,
    "surface_144_c_tbd" : 37.40200799999996,
    "surface_145_c_tbd" : 21.271991999999948,
    "surface_146_c_tbd" : 24.600491271324881,
    "surface_147_c_tbd" : 175.12705,
    "surface_149_c_tbd" : 37.402007999999952,
    "surface_150_c_tbd" : 138.68399999999997,
    "surface_151_c_tbd" : 37.40200799999996,
    "surface_152_c_tbd" : 138.68399999999997,
    "surface_155_c_tbd" : 37.402007999999952,
    "surface_156_c_tbd" : 138.68399999999997,
    "surface_157_c_tbd" : 37.40200799999996,
    "surface_158_c_tbd" : 138.68399999999997,
    "surface_159_c_tbd" : 1139.45,
    "surface_16_c_tbd" : 96.012000000000114,
    "surface_27_c_tbd" : 23.469599999999968,
    "surface_33_c_tbd" : 24.536399999999993,
    "surface_37_c_tbd" : 24.472391999999981,
    "surface_3_c_tbd" : 8.5344000000000015,
    "surface_43_c_tbd" : 21.400008000000042,
    "surface_44_c_tbd" : 37.402007999999952,
    "surface_45_c_tbd" : 21.33600000000002,
    "surface_46_c_tbd" : 8.5344000000000069,
    "surface_4_c_tbd" : 21.336000000000034,
    "surface_51_c_tbd" : 245.36399999999992,
    "surface_52_c_tbd" : 246.00408000000002,
    "surface_53_c_tbd" : 245.36399999999992,
    "surface_54_c_tbd" : 246.00407999999999,
    "surface_57_c_tbd" : 234.69599999999971,
    "surface_58_c_tbd" : 246.00408000000002,
    "surface_59_c_tbd" : 234.69599999999969,
    "surface_5_c_tbd" : 37.40200799999996,
    "surface_60_c_tbd" : 246.00407999999999,
    "surface_63_c_tbd" : 960.12000000000114,
    "surface_64_c_tbd" : 42.67199999999994,
    "surface_65_c_tbd" : 234.69599999999963,
    "surface_66_c_tbd" : 234.69599999999969,
    "surface_67_c_tbd" : 245.36399999999992,
    "surface_68_c_tbd" : 245.36399999999992,
    "surface_69_c_tbd" : 42.671999999999947,
    "surface_6_c_tbd" : 21.271991999999948,
    "surface_72_c_tbd" : 42.67199999999994,
    "surface_73_c_tbd" : 85.344000000000023,
    "surface_74_c_tbd" : 213.36000000000035,
    "surface_75_c_tbd" : 374.02007999999961,
    "surface_76_c_tbd" : 212.71991999999949,
    "surface_77_c_tbd" : 246.00491271324881,
    "surface_80_c_tbd" : 214.00008000000042,
    "surface_81_c_tbd" : 374.02007999999955,
    "surface_82_c_tbd" : 213.36000000000018,
    "surface_83_c_tbd" : 85.344000000000065,
    "surface_84_c_tbd" : 42.671999999999947,
    "surface_85_c_tbd" : 246.00491271324881,
    "surface_88_c_tbd" : 244.72391999999982,
    "surface_89_c_tbd" : 246.00491271324881,
    "surface_90_c_tbd" : 245.36399999999992,
    "surface_91_c_tbd" : 246.00407999999999,
    "surface_94_c_tbd" : 234.69599999999971,
    "surface_95_c_tbd" : 246.00491271324881,
    "surface_96_c_tbd" : 235.33608000000001,
    "surface_97_c_tbd" : 246.00407999999999,
    "total_building_area" : 13792.299999999999,
    "total_lifecycle_cost" : 0.0,
    "total_site_energy" : 3237861.111111111,
    "total_site_eui" : 234.75860524431104,
    "typical_iead_roof_pre_1980" : 1139.45,
    "units" : "SI",
    "unmet_hours_during_cooling" : 0.5,
    "unmet_hours_during_heating" : 412.0,
    "unmet_hours_during_occupied_cooling" : 0.0,
    "unmet_hours_during_occupied_heating" : 412.0,
    "unmet_hours_tolerance_cooling" : 0.20000000000000001,
    "unmet_hours_tolerance_heating" : 0.20000000000000001,
    "utility_bills_rates_section" : true,
    "water_use_equipment_1" : 0.00035999999999999997,
    "water_use_section" : true,
    "zone_condition_section" : true,
    "zone_equipment_detail_section" : true,
    "zone_max_hours_over_55_rh" : 659.0,
    "zone_max_hours_over_70_rh" : 42.0,
    "zone_summary_section" : true
  },
  "Set Window to Wall Ratio by Facade" : 
  {
    "applicable" : true,
    "exl_spaces_not_incl_fl_area" : true,
    "facade" : "All",
    "inset_tri_sub" : true,
    "sillHeight" : 30.0,
    "split_at_doors" : "Split Walls at Doors",
    "triangulate" : true,
    "triangulation_min_area" : 0.001,
    "wwr" : 0.29999999999999999
  },
  "SetNISTInfiltrationCorrelations" : 
  {
    "air_barrier" : false,
    "airtightness_area" : "5-sided",
    "airtightness_pressure" : 75.0,
    "airtightness_value" : 6.0,
    "applicable" : true,
    "building_type" : "HighriseApartment",
    "climate_zone" : "6A",
    "design_infiltration_4_pa" : 0.0002479693038429558,
    "hvac_schedule" : "Lookup From Model"
  },
  "Thermal Bridging and Derating - TBD" : 
  {
    "alter_model" : true,
    "applicable" : true,
    "floor_option" : "NONE",
    "floor_ut" : 0.16200000000000001,
    "gen_UA_report" : false,
    "gen_kiva" : false,
    "gen_kiva_force" : false,
    "load_tbd_json" : false,
    "option" : "poor (BETBG)",
    "parapet" : true,
    "reset_kiva" : false,
    "roof_option" : "NONE",
    "roof_ut" : 0.13800000000000001,
    "sub_tol" : 0.01,
    "ua_reference" : "code (Quebec)",
    "wall_option" : "NONE",
    "wall_ut" : 0.20999999999999999,
    "write_tbd_json" : false
  }
}