{
  "AssignConstructionSetToBuilding" : 
  {
    "applicable" : true,
    "construction_set" : "{e0ce3521-4e53-4eca-8017-2f1c8dec2b50}"
  },
  "OpenStudio Results" : 
  {
    "air_loops_detail_section" : true,
    "analysis_length" : 25,
    "annual_overview_section" : true,
    "annual_peak_electric_demand" : 687.46586000000002,
    "annual_utility_cost" : 0.0,
    "applicable" : true,
    "building_name" : "n/a",
    "building_summary_section" : true,
    "coal_cooling_ip" : 0.0,
    "coal_exterior_equipment_ip" : 0.0,
    "coal_exterior_lighting_ip" : 0.0,
    "coal_fans_ip" : 0.0,
    "coal_generators_ip" : 0.0,
    "coal_heat_recovery_ip" : 0.0,
    "coal_heat_rejection_ip" : 0.0,
    "coal_heating_ip" : 0.0,
    "coal_humidification_ip" : 0.0,
    "coal_interior_equipment_ip" : 0.0,
    "coal_interior_lighting_ip" : 0.0,
    "coal_ip" : 0.0,
    "coal_pumps_ip" : 0.0,
    "coal_refrigeration_ip" : 0.0,
    "coal_water_systems_ip" : 0.0,
    "cost_summary_section" : true,
    "customized_fenestration_u_2_38" : 3824.0207999999875,
    "customized_opaque_construction_43577338_bb_1_a_47_c_1_a_31_a_39_af_3_f_5_bfda_6_to_conductance_of_0_247" : 537.66720000000055,
    "diesel_cooling_ip" : 0.0,
    "diesel_exterior_equipment_ip" : 0.0,
    "diesel_exterior_lighting_ip" : 0.0,
    "diesel_fans_ip" : 0.0,
    "diesel_generators_ip" : 0.0,
    "diesel_heat_recovery_ip" : 0.0,
    "diesel_heat_rejection_ip" : 0.0,
    "diesel_heating_ip" : 0.0,
    "diesel_humidification_ip" : 0.0,
    "diesel_interior_equipment_ip" : 0.0,
    "diesel_interior_lighting_ip" : 0.0,
    "diesel_ip" : 0.0,
    "diesel_pumps_ip" : 0.0,
    "diesel_refrigeration_ip" : 0.0,
    "diesel_water_systems_ip" : 0.0,
    "district_cooling_cooling_ip" : 0.0,
    "district_cooling_exterior_equipment_ip" : 0.0,
    "district_cooling_exterior_lighting_ip" : 0.0,
    "district_cooling_fans_ip" : 0.0,
    "district_cooling_generators_ip" : 0.0,
    "district_cooling_heat_recovery_ip" : 0.0,
    "district_cooling_heat_rejection_ip" : 0.0,
    "district_cooling_heating_ip" : 0.0,
    "district_cooling_humidification_ip" : 0.0,
    "district_cooling_interior_equipment_ip" : 0.0,
    "district_cooling_interior_lighting_ip" : 0.0,
    "district_cooling_ip" : 0.0,
    "district_cooling_pumps_ip" : 0.0,
    "district_cooling_refrigeration_ip" : 0.0,
    "district_cooling_water_systems_ip" : 0.0,
    "district_heating_steam_cooling_ip" : 0.0,
    "district_heating_steam_exterior_equipment_ip" : 0.0,
    "district_heating_steam_exterior_lighting_ip" : 0.0,
    "district_heating_steam_fans_ip" : 0.0,
    "district_heating_steam_generators_ip" : 0.0,
    "district_heating_steam_heat_recovery_ip" : 0.0,
    "district_heating_steam_heat_rejection_ip" : 0.0,
    "district_heating_steam_heating_ip" : 0.0,
    "district_heating_steam_humidification_ip" : 0.0,
    "district_heating_steam_interior_equipment_ip" : 0.0,
    "district_heating_steam_interior_lighting_ip" : 0.0,
    "district_heating_steam_ip" : 0.0,
    "district_heating_steam_pumps_ip" : 0.0,
    "district_heating_steam_refrigeration_ip" : 0.0,
    "district_heating_steam_water_systems_ip" : 0.0,
    "district_heating_water_cooling_ip" : 0.0,
    "district_heating_water_exterior_equipment_ip" : 0.0,
    "district_heating_water_exterior_lighting_ip" : 0.0,
    "district_heating_water_fans_ip" : 0.0,
    "district_heating_water_generators_ip" : 0.0,
    "district_heating_water_heat_recovery_ip" : 0.0,
    "district_heating_water_heat_rejection_ip" : 0.0,
    "district_heating_water_heating_ip" : 0.0,
    "district_heating_water_humidification_ip" : 0.0,
    "district_heating_water_interior_equipment_ip" : 0.0,
    "district_heating_water_interior_lighting_ip" : 0.0,
    "district_heating_water_ip" : 0.0,
    "district_heating_water_pumps_ip" : 0.0,
    "district_heating_water_refrigeration_ip" : 0.0,
    "district_heating_water_water_systems_ip" : 0.0,
    "electricity_cooling_ip" : 77199.608611111107,
    "electricity_exterior_equipment_ip" : 0.0,
    "electricity_exterior_lighting_ip" : 0.0,
    "electricity_fans_ip" : 107668.44444444445,
    "electricity_generators_ip" : 0.0,
    "electricity_heat_recovery_ip" : 0.0,
    "electricity_heat_rejection_ip" : 0.0,
    "electricity_heating_ip" : 753530.13115196943,
    "electricity_humidification_ip" : 0.0,
    "electricity_interior_equipment_ip" : 0.0,
    "electricity_interior_lighting_ip" : 0.0,
    "electricity_ip" : 938594.0547839778,
    "electricity_pumps_ip" : 195.87057645277778,
    "electricity_refrigeration_ip" : 0.0,
    "electricity_water_systems_ip" : 0.0,
    "end_use_cooling" : 77200.0,
    "end_use_electricity_cooling" : 77200.0,
    "end_use_electricity_exterior_equipment" : 0.0,
    "end_use_electricity_exterior_lighting" : 0.0,
    "end_use_electricity_fans" : 107669.44444444445,
    "end_use_electricity_generators" : 0.0,
    "end_use_electricity_heat_recovery" : 0.0,
    "end_use_electricity_heat_rejection" : 0.0,
    "end_use_electricity_heating" : 753530.55555555562,
    "end_use_electricity_humidification" : 0.0,
    "end_use_electricity_interior_equipment" : 0.0,
    "end_use_electricity_interior_lighting" : 0.0,
    "end_use_electricity_pumps" : 197.22222222222223,
    "end_use_electricity_refrigeration" : 0.0,
    "end_use_electricity_water_systems" : 0.0,
    "end_use_exterior_equipment" : 0.0,
    "end_use_exterior_lighting" : 0.0,
    "end_use_fans" : 107669.44444444445,
    "end_use_generators" : 0.0,
    "end_use_heat_recovery" : 0.0,
    "end_use_heat_rejection" : 0.0,
    "end_use_heating" : 753530.55555555562,
    "end_use_humidification" : 0.0,
    "end_use_interior_equipment" : 0.0,
    "end_use_interior_lighting" : 0.0,
    "end_use_natural_gas_cooling" : 0.0,
    "end_use_natural_gas_exterior_equipment" : 0.0,
    "end_use_natural_gas_exterior_lighting" : 0.0,
    "end_use_natural_gas_fans" : 0.0,
    "end_use_natural_gas_generators" : 0.0,
    "end_use_natural_gas_heat_recovery" : 0.0,
    "end_use_natural_gas_heat_rejection" : 0.0,
    "end_use_natural_gas_heating" : 0.0,
    "end_use_natural_gas_humidification" : 0.0,
    "end_use_natural_gas_interior_equipment" : 0.0,
    "end_use_natural_gas_interior_lighting" : 0.0,
    "end_use_natural_gas_pumps" : 0.0,
    "end_use_natural_gas_refrigeration" : 0.0,
    "end_use_natural_gas_water_systems" : 323677.77777777781,
    "end_use_pumps" : 197.22222222222223,
    "end_use_refrigeration" : 0.0,
    "end_use_water_systems" : 323677.77777777781,
    "envelope_section_section" : true,
    "estar_mfhr_whole_building_water_use_equipment" : 1.8904459446512134,
    "eui" : 132.81483819678266,
    "exterior_light_section" : true,
    "first_year_capital_cost" : 0.0,
    "fuel_coal" : 0.0,
    "fuel_diesel" : 0.0,
    "fuel_district_cooling" : 0.0,
    "fuel_district_heating_steam" : 0.0,
    "fuel_district_heating_water" : 0.0,
    "fuel_electricity" : 3202617.1805114802,
    "fuel_fuel_oil_no_1" : 0.0,
    "fuel_fuel_oil_no_2" : 0.0,
    "fuel_gasoline" : 0.0,
    "fuel_natural_gas" : 1104434.4212738897,
    "fuel_oil_no_1_cooling_ip" : 0.0,
    "fuel_oil_no_1_exterior_equipment_ip" : 0.0,
    "fuel_oil_no_1_exterior_lighting_ip" : 0.0,
    "fuel_oil_no_1_fans_ip" : 0.0,
    "fuel_oil_no_1_generators_ip" : 0.0,
    "fuel_oil_no_1_heat_recovery_ip" : 0.0,
    "fuel_oil_no_1_heat_rejection_ip" : 0.0,
    "fuel_oil_no_1_heating_ip" : 0.0,
    "fuel_oil_no_1_humidification_ip" : 0.0,
    "fuel_oil_no_1_interior_equipment_ip" : 0.0,
    "fuel_oil_no_1_interior_lighting_ip" : 0.0,
    "fuel_oil_no_1_ip" : 0.0,
    "fuel_oil_no_1_pumps_ip" : 0.0,
    "fuel_oil_no_1_refrigeration_ip" : 0.0,
    "fuel_oil_no_1_water_systems_ip" : 0.0,
    "fuel_oil_no_2_cooling_ip" : 0.0,
    "fuel_oil_no_2_exterior_equipment_ip" : 0.0,
    "fuel_oil_no_2_exterior_lighting_ip" : 0.0,
    "fuel_oil_no_2_fans_ip" : 0.0,
    "fuel_oil_no_2_generators_ip" : 0.0,
    "fuel_oil_no_2_heat_recovery_ip" : 0.0,
    "fuel_oil_no_2_heat_rejection_ip" : 0.0,
    "fuel_oil_no_2_heating_ip" : 0.0,
    "fuel_oil_no_2_humidification_ip" : 0.0,
    "fuel_oil_no_2_interior_equipment_ip" : 0.0,
    "fuel_oil_no_2_interior_lighting_ip" : 0.0,
    "fuel_oil_no_2_ip" : 0.0,
    "fuel_oil_no_2_pumps_ip" : 0.0,
    "fuel_oil_no_2_refrigeration_ip" : 0.0,
    "fuel_oil_no_2_water_systems_ip" : 0.0,
    "fuel_other_fuel_1" : 0.0,
    "fuel_other_fuel_2" : 0.0,
    "fuel_propane" : 0.0,
    "gasoline_cooling_ip" : 0.0,
    "gasoline_exterior_equipment_ip" : 0.0,
    "gasoline_exterior_lighting_ip" : 0.0,
    "gasoline_fans_ip" : 0.0,
    "gasoline_generators_ip" : 0.0,
    "gasoline_heat_recovery_ip" : 0.0,
    "gasoline_heat_rejection_ip" : 0.0,
    "gasoline_heating_ip" : 0.0,
    "gasoline_humidification_ip" : 0.0,
    "gasoline_interior_equipment_ip" : 0.0,
    "gasoline_interior_lighting_ip" : 0.0,
    "gasoline_ip" : 0.0,
    "gasoline_pumps_ip" : 0.0,
    "gasoline_refrigeration_ip" : 0.0,
    "gasoline_water_systems_ip" : 0.0,
    "gross_window_wall_ratio" : 30.0,
    "gross_window_wall_ratio_conditioned" : 30.0,
    "hvac_load_profile" : true,
    "inflation_approach" : "Constant Dollar",
    "interior_lighting_section" : true,
    "measure_warning_section" : true,
    "monthly_overview_section" : true,
    "natural_gas_cooling_ip" : 0.0,
    "natural_gas_exterior_equipment_ip" : 0.0,
    "natural_gas_exterior_lighting_ip" : 0.0,
    "natural_gas_fans_ip" : 0.0,
    "natural_gas_generators_ip" : 0.0,
    "natural_gas_heat_recovery_ip" : 0.0,
    "natural_gas_heat_rejection_ip" : 0.0,
    "natural_gas_heating_ip" : 0.0,
    "natural_gas_humidification_ip" : 0.0,
    "natural_gas_interior_equipment_ip" : 0.0,
    "natural_gas_interior_lighting_ip" : 0.0,
    "natural_gas_ip" : 323678.44444444444,
    "natural_gas_pumps_ip" : 0.0,
    "natural_gas_refrigeration_ip" : 0.0,
    "natural_gas_water_systems_ip" : 323678.44444444444,
    "net_site_energy" : 1262272.2222222222,
    "num_zones_x_hours_over_55" : 19,
    "num_zones_x_hours_over_70" : 0,
    "number_of_measures_with_warnings" : 2,
    "number_warnings" : 5,
    "other_fuel_1_cooling_ip" : 0.0,
    "other_fuel_1_exterior_equipment_ip" : 0.0,
    "other_fuel_1_exterior_lighting_ip" : 0.0,
    "other_fuel_1_fans_ip" : 0.0,
    "other_fuel_1_generators_ip" : 0.0,
    "other_fuel_1_heat_recovery_ip" : 0.0,
    "other_fuel_1_heat_rejection_ip" : 0.0,
    "other_fuel_1_heating_ip" : 0.0,
    "other_fuel_1_humidification_ip" : 0.0,
    "other_fuel_1_interior_equipment_ip" : 0.0,
    "other_fuel_1_interior_lighting_ip" : 0.0,
    "other_fuel_1_ip" : 0.0,
    "other_fuel_1_pumps_ip" : 0.0,
    "other_fuel_1_refrigeration_ip" : 0.0,
    "other_fuel_1_water_systems_ip" : 0.0,
    "other_fuel_2_cooling_ip" : 0.0,
    "other_fuel_2_exterior_equipment_ip" : 0.0,
    "other_fuel_2_exterior_lighting_ip" : 0.0,
    "other_fuel_2_fans_ip" : 0.0,
    "other_fuel_2_generators_ip" : 0.0,
    "other_fuel_2_heat_recovery_ip" : 0.0,
    "other_fuel_2_heat_rejection_ip" : 0.0,
    "other_fuel_2_heating_ip" : 0.0,
    "other_fuel_2_humidification_ip" : 0.0,
    "other_fuel_2_interior_equipment_ip" : 0.0,
    "other_fuel_2_interior_lighting_ip" : 0.0,
    "other_fuel_2_ip" : 0.0,
    "other_fuel_2_pumps_ip" : 0.0,
    "other_fuel_2_refrigeration_ip" : 0.0,
    "other_fuel_2_water_systems_ip" : 0.0,
    "outdoor_air_section" : true,
    "plant_loops_detail_section" : true,
    "plug_loads_section" : true,
    "propane_cooling_ip" : 0.0,
    "propane_exterior_equipment_ip" : 0.0,
    "propane_exterior_lighting_ip" : 0.0,
    "propane_fans_ip" : 0.0,
    "propane_generators_ip" : 0.0,
    "propane_heat_recovery_ip" : 0.0,
    "propane_heat_rejection_ip" : 0.0,
    "propane_heating_ip" : 0.0,
    "propane_humidification_ip" : 0.0,
    "propane_interior_equipment_ip" : 0.0,
    "propane_interior_lighting_ip" : 0.0,
    "propane_ip" : 0.0,
    "propane_pumps_ip" : 0.0,
    "propane_refrigeration_ip" : 0.0,
    "propane_water_systems_ip" : 0.0,
    "reg_monthly_details" : false,
    "schedules_overview_section" : true,
    "skylight_roof_ratio" : 0.0,
    "source_energy_section" : true,
    "space_type_breakdown_section" : true,
    "space_type_details_section" : true,
    "space_type_murb_lobby" : 1584.0,
    "space_type_murb_small" : 7920.0000000000018,
    "standards_gem_version" : "0.5.0",
    "surface_101_c_tbd" : 181.35600000000005,
    "surface_102_c_tbd" : 213.36000000000035,
    "surface_103_c_tbd" : 181.35599999999999,
    "surface_104_c_tbd" : 213.3600000000003,
    "surface_107_c_tbd" : 22.402800000000052,
    "surface_108_c_tbd" : 148.28520000000006,
    "surface_109_c_tbd" : 213.36000000000035,
    "surface_10_c_tbd" : 17.068800000000039,
    "surface_110_c_tbd" : 170.68800000000039,
    "surface_111_c_tbd" : 213.3600000000003,
    "surface_114_c_tbd" : 170.68800000000039,
    "surface_115_c_tbd" : 213.36000000000035,
    "surface_116_c_tbd" : 170.68800000000039,
    "surface_117_c_tbd" : 213.3600000000003,
    "surface_120_c_tbd" : 181.35600000000025,
    "surface_122_c_tbd" : 181.35600000000025,
    "surface_123_c_tbd" : 213.3600000000003,
    "surface_126_c_tbd" : 181.35600000000025,
    "surface_128_c_tbd" : 181.35600000000025,
    "surface_129_c_tbd" : 213.3600000000003,
    "surface_132_c_tbd" : 2.2402800000000052,
    "surface_133_c_tbd" : 14.828520000000006,
    "surface_134_c_tbd" : 21.336000000000034,
    "surface_135_c_tbd" : 17.068800000000039,
    "surface_136_c_tbd" : 21.33600000000003,
    "surface_137_c_tbd" : 80.0,
    "surface_139_c_tbd" : 4.2671999999999937,
    "surface_140_c_tbd" : 18.135600000000025,
    "surface_141_c_tbd" : 18.135599999999979,
    "surface_142_c_tbd" : 17.068800000000039,
    "surface_143_c_tbd" : 17.068800000000035,
    "surface_144_c_tbd" : 2.1336000000000039,
    "surface_145_c_tbd" : 2.1336000000000035,
    "surface_146_c_tbd" : 17.068800000000035,
    "surface_147_c_tbd" : 17.068800000000039,
    "surface_148_c_tbd" : 18.135599999999979,
    "surface_149_c_tbd" : 18.135600000000025,
    "surface_14_c_tbd" : 4.2671999999999937,
    "surface_150_c_tbd" : 66.0,
    "surface_152_c_tbd" : 17.068800000000039,
    "surface_153_c_tbd" : 21.336000000000034,
    "surface_154_c_tbd" : 17.068800000000024,
    "surface_155_c_tbd" : 21.33600000000003,
    "surface_156_c_tbd" : 79.999999999999972,
    "surface_158_c_tbd" : 17.068800000000039,
    "surface_159_c_tbd" : 21.336000000000034,
    "surface_160_c_tbd" : 17.068800000000039,
    "surface_161_c_tbd" : 21.33600000000003,
    "surface_162_c_tbd" : 80.0,
    "surface_164_c_tbd" : 18.135600000000025,
    "surface_166_c_tbd" : 18.135600000000025,
    "surface_167_c_tbd" : 21.33600000000003,
    "surface_168_c_tbd" : 85.000000000000114,
    "surface_170_c_tbd" : 17.068800000000039,
    "surface_171_c_tbd" : 21.336000000000034,
    "surface_172_c_tbd" : 17.068800000000039,
    "surface_173_c_tbd" : 21.33600000000003,
    "surface_174_c_tbd" : 80.0,
    "surface_176_c_tbd" : 18.135600000000004,
    "surface_177_c_tbd" : 21.336000000000034,
    "surface_178_c_tbd" : 18.1356,
    "surface_179_c_tbd" : 21.33600000000003,
    "surface_180_c_tbd" : 85.0,
    "surface_182_c_tbd" : 18.135600000000004,
    "surface_183_c_tbd" : 21.336000000000034,
    "surface_184_c_tbd" : 18.1356,
    "surface_185_c_tbd" : 21.33600000000003,
    "surface_186_c_tbd" : 85.0,
    "surface_188_c_tbd" : 18.135600000000025,
    "surface_190_c_tbd" : 18.135600000000025,
    "surface_191_c_tbd" : 21.33600000000003,
    "surface_192_c_tbd" : 85.000000000000114,
    "surface_19_c_tbd" : 2.1336000000000039,
    "surface_20_c_tbd" : 2.1336000000000035,
    "surface_27_c_tbd" : 17.068800000000039,
    "surface_28_c_tbd" : 21.336000000000034,
    "surface_2_c_tbd" : 46.939200000000085,
    "surface_33_c_tbd" : 2.2402800000000052,
    "surface_34_c_tbd" : 14.828520000000006,
    "surface_38_c_tbd" : 80.0,
    "surface_3_c_tbd" : 70.408799999999985,
    "surface_40_c_tbd" : 17.068800000000039,
    "surface_46_c_tbd" : 18.135600000000004,
    "surface_52_c_tbd" : 18.135600000000004,
    "surface_58_c_tbd" : 18.135600000000025,
    "surface_59_c_tbd" : 21.336000000000034,
    "surface_5_c_tbd" : 70.408799999999985,
    "surface_66_c_tbd" : 18.135600000000025,
    "surface_6_c_tbd" : 726.0,
    "surface_71_c_tbd" : 181.35600000000025,
    "surface_72_c_tbd" : 181.3559999999998,
    "surface_73_c_tbd" : 170.68800000000039,
    "surface_74_c_tbd" : 170.68800000000036,
    "surface_75_c_tbd" : 21.336000000000041,
    "surface_76_c_tbd" : 21.336000000000034,
    "surface_77_c_tbd" : 170.68800000000036,
    "surface_78_c_tbd" : 170.68800000000039,
    "surface_79_c_tbd" : 181.3559999999998,
    "surface_80_c_tbd" : 181.35600000000025,
    "surface_83_c_tbd" : 170.68800000000039,
    "surface_84_c_tbd" : 213.36000000000035,
    "surface_85_c_tbd" : 170.68800000000039,
    "surface_86_c_tbd" : 213.3600000000003,
    "surface_89_c_tbd" : 181.35600000000005,
    "surface_90_c_tbd" : 213.36000000000035,
    "surface_91_c_tbd" : 181.35599999999999,
    "surface_92_c_tbd" : 213.3600000000003,
    "surface_95_c_tbd" : 170.68800000000039,
    "surface_96_c_tbd" : 213.36000000000035,
    "surface_97_c_tbd" : 170.68800000000024,
    "surface_98_c_tbd" : 213.3600000000003,
    "surface_9_c_tbd" : 21.336000000000034,
    "total_building_area" : 9504.0,
    "total_lifecycle_cost" : 0.0,
    "total_site_energy" : 1262272.2222222222,
    "total_site_eui" : 132.81483819678266,
    "units" : "SI",
    "unmet_hours_during_cooling" : 2.3300000000000001,
    "unmet_hours_during_heating" : 24.170000000000002,
    "unmet_hours_during_occupied_cooling" : 0.0,
    "unmet_hours_during_occupied_heating" : 0.0,
    "unmet_hours_tolerance_cooling" : 0.20000000000000001,
    "unmet_hours_tolerance_heating" : 0.20000000000000001,
    "utility_bills_rates_section" : true,
    "water_use_section" : true,
    "zone_condition_section" : true,
    "zone_equipment_detail_section" : true,
    "zone_max_hours_over_55_rh" : 126.0,
    "zone_max_hours_over_70_rh" : 0,
    "zone_summary_section" : true
  },
  "Set Window to Wall Ratio by Facade" : 
  {
    "applicable" : true,
    "exl_spaces_not_incl_fl_area" : true,
    "facade" : "All",
    "inset_tri_sub" : true,
    "sillHeight" : 30.0,
    "split_at_doors" : "Split Walls at Doors",
    "triangulate" : true,
    "triangulation_min_area" : 0.001,
    "wwr" : 0.29999999999999999
  },
  "SetNISTInfiltrationCorrelations" : 
  {
    "air_barrier" : false,
    "airtightness_area" : "5-sided",
    "airtightness_pressure" : 75.0,
    "airtightness_value" : 1.5,
    "applicable" : true,
    "building_type" : "HighriseApartment",
    "climate_zone" : "6A",
    "design_infiltration_4_pa" : 6.1992325960738949e-05,
    "hvac_schedule" : "Lookup From Model"
  },
  "Thermal Bridging and Derating - TBD" : 
  {
    "alter_model" : true,
    "applicable" : true,
    "floor_option" : "ALL floor constructions",
    "floor_ut" : 0.16200000000000001,
    "gen_UA_report" : true,
    "gen_kiva" : false,
    "gen_kiva_force" : false,
    "load_tbd_json" : false,
    "option" : "code (Quebec)",
    "parapet" : true,
    "reset_kiva" : false,
    "roof_option" : "ALL roof constructions",
    "roof_ut" : 0.13800000000000001,
    "sub_tol" : 0.01,
    "ua_reference" : "code (Quebec)",
    "wall_option" : "ALL wall constructions",
    "wall_ut" : 0.20999999999999999,
    "write_tbd_json" : false
  }
}