{
  "AssignConstructionSetToBuilding" : 
  {
    "applicable" : true,
    "construction_set" : "{e0ce3521-4e53-4eca-8017-2f1c8dec2b50}"
  },
  "OpenStudio Results" : 
  {
    "air_loops_detail_section" : true,
    "analysis_length" : 25,
    "annual_overview_section" : true,
    "annual_peak_electric_demand" : 660.74455,
    "annual_utility_cost" : 0.0,
    "applicable" : true,
    "building_name" : "n/a",
    "building_summary_section" : true,
    "coal_cooling_ip" : 0.0,
    "coal_exterior_equipment_ip" : 0.0,
    "coal_exterior_lighting_ip" : 0.0,
    "coal_fans_ip" : 0.0,
    "coal_generators_ip" : 0.0,
    "coal_heat_recovery_ip" : 0.0,
    "coal_heat_rejection_ip" : 0.0,
    "coal_heating_ip" : 0.0,
    "coal_humidification_ip" : 0.0,
    "coal_interior_equipment_ip" : 0.0,
    "coal_interior_lighting_ip" : 0.0,
    "coal_ip" : 0.0,
    "coal_pumps_ip" : 0.0,
    "coal_refrigeration_ip" : 0.0,
    "coal_water_systems_ip" : 0.0,
    "cost_summary_section" : true,
    "customized_fenestration_u_3_36" : 2378.3544000000034,
    "diesel_cooling_ip" : 0.0,
    "diesel_exterior_equipment_ip" : 0.0,
    "diesel_exterior_lighting_ip" : 0.0,
    "diesel_fans_ip" : 0.0,
    "diesel_generators_ip" : 0.0,
    "diesel_heat_recovery_ip" : 0.0,
    "diesel_heat_rejection_ip" : 0.0,
    "diesel_heating_ip" : 0.0,
    "diesel_humidification_ip" : 0.0,
    "diesel_interior_equipment_ip" : 0.0,
    "diesel_interior_lighting_ip" : 0.0,
    "diesel_ip" : 0.0,
    "diesel_pumps_ip" : 0.0,
    "diesel_refrigeration_ip" : 0.0,
    "diesel_water_systems_ip" : 0.0,
    "district_cooling_cooling_ip" : 0.0,
    "district_cooling_exterior_equipment_ip" : 0.0,
    "district_cooling_exterior_lighting_ip" : 0.0,
    "district_cooling_fans_ip" : 0.0,
    "district_cooling_generators_ip" : 0.0,
    "district_cooling_heat_recovery_ip" : 0.0,
    "district_cooling_heat_rejection_ip" : 0.0,
    "district_cooling_heating_ip" : 0.0,
    "district_cooling_humidification_ip" : 0.0,
    "district_cooling_interior_equipment_ip" : 0.0,
    "district_cooling_interior_lighting_ip" : 0.0,
    "district_cooling_ip" : 0.0,
    "district_cooling_pumps_ip" : 0.0,
    "district_cooling_refrigeration_ip" : 0.0,
    "district_cooling_water_systems_ip" : 0.0,
    "district_heating_steam_cooling_ip" : 0.0,
    "district_heating_steam_exterior_equipment_ip" : 0.0,
    "district_heating_steam_exterior_lighting_ip" : 0.0,
    "district_heating_steam_fans_ip" : 0.0,
    "district_heating_steam_generators_ip" : 0.0,
    "district_heating_steam_heat_recovery_ip" : 0.0,
    "district_heating_steam_heat_rejection_ip" : 0.0,
    "district_heating_steam_heating_ip" : 0.0,
    "district_heating_steam_humidification_ip" : 0.0,
    "district_heating_steam_interior_equipment_ip" : 0.0,
    "district_heating_steam_interior_lighting_ip" : 0.0,
    "district_heating_steam_ip" : 0.0,
    "district_heating_steam_pumps_ip" : 0.0,
    "district_heating_steam_refrigeration_ip" : 0.0,
    "district_heating_steam_water_systems_ip" : 0.0,
    "district_heating_water_cooling_ip" : 0.0,
    "district_heating_water_exterior_equipment_ip" : 0.0,
    "district_heating_water_exterior_lighting_ip" : 0.0,
    "district_heating_water_fans_ip" : 0.0,
    "district_heating_water_generators_ip" : 0.0,
    "district_heating_water_heat_recovery_ip" : 0.0,
    "district_heating_water_heat_rejection_ip" : 0.0,
    "district_heating_water_heating_ip" : 0.0,
    "district_heating_water_humidification_ip" : 0.0,
    "district_heating_water_interior_equipment_ip" : 0.0,
    "district_heating_water_interior_lighting_ip" : 0.0,
    "district_heating_water_ip" : 0.0,
    "district_heating_water_pumps_ip" : 0.0,
    "district_heating_water_refrigeration_ip" : 0.0,
    "district_heating_water_water_systems_ip" : 0.0,
    "electricity_cooling_ip" : 112557.12258245556,
    "electricity_exterior_equipment_ip" : 0.0,
    "electricity_exterior_lighting_ip" : 0.0,
    "electricity_fans_ip" : 99629.138888888891,
    "electricity_generators_ip" : 0.0,
    "electricity_heat_recovery_ip" : 0.0,
    "electricity_heat_rejection_ip" : 0.0,
    "electricity_heating_ip" : 720688.0836614751,
    "electricity_humidification_ip" : 0.0,
    "electricity_interior_equipment_ip" : 185362.83333333334,
    "electricity_interior_lighting_ip" : 0.0,
    "electricity_ip" : 1118304.3182507723,
    "electricity_pumps_ip" : 67.139784619444441,
    "electricity_refrigeration_ip" : 0.0,
    "electricity_water_systems_ip" : 0.0,
    "end_use_cooling" : 112558.33333333333,
    "end_use_electricity_cooling" : 112558.33333333333,
    "end_use_electricity_exterior_equipment" : 0.0,
    "end_use_electricity_exterior_lighting" : 0.0,
    "end_use_electricity_fans" : 99627.777777777781,
    "end_use_electricity_generators" : 0.0,
    "end_use_electricity_heat_recovery" : 0.0,
    "end_use_electricity_heat_rejection" : 0.0,
    "end_use_electricity_heating" : 720688.88888888888,
    "end_use_electricity_humidification" : 0.0,
    "end_use_electricity_interior_equipment" : 185363.88888888891,
    "end_use_electricity_interior_lighting" : 0.0,
    "end_use_electricity_pumps" : 66.666666666666671,
    "end_use_electricity_refrigeration" : 0.0,
    "end_use_electricity_water_systems" : 0.0,
    "end_use_exterior_equipment" : 0.0,
    "end_use_exterior_lighting" : 0.0,
    "end_use_fans" : 99627.777777777781,
    "end_use_generators" : 0.0,
    "end_use_heat_recovery" : 0.0,
    "end_use_heat_rejection" : 0.0,
    "end_use_heating" : 720688.88888888888,
    "end_use_humidification" : 0.0,
    "end_use_interior_equipment" : 185363.88888888891,
    "end_use_interior_lighting" : 0.0,
    "end_use_natural_gas_cooling" : 0.0,
    "end_use_natural_gas_exterior_equipment" : 0.0,
    "end_use_natural_gas_exterior_lighting" : 0.0,
    "end_use_natural_gas_fans" : 0.0,
    "end_use_natural_gas_generators" : 0.0,
    "end_use_natural_gas_heat_recovery" : 0.0,
    "end_use_natural_gas_heat_rejection" : 0.0,
    "end_use_natural_gas_heating" : 0.0,
    "end_use_natural_gas_humidification" : 0.0,
    "end_use_natural_gas_interior_equipment" : 0.0,
    "end_use_natural_gas_interior_lighting" : 0.0,
    "end_use_natural_gas_pumps" : 0.0,
    "end_use_natural_gas_refrigeration" : 0.0,
    "end_use_natural_gas_water_systems" : 112552.77777777778,
    "end_use_pumps" : 66.666666666666671,
    "end_use_refrigeration" : 0.0,
    "end_use_water_systems" : 112552.77777777778,
    "envelope_section_section" : true,
    "estar_mfhr_whole_building_water_use_equipment" : 0.64800000000000002,
    "eui" : 268.98127913752916,
    "exterior_light_section" : true,
    "first_year_capital_cost" : 0.0,
    "fuel_coal" : 0.0,
    "fuel_diesel" : 0.0,
    "fuel_district_cooling" : 0.0,
    "fuel_district_heating_steam" : 0.0,
    "fuel_district_heating_water" : 0.0,
    "fuel_electricity" : 3815816.944669384,
    "fuel_fuel_oil_no_1" : 0.0,
    "fuel_fuel_oil_no_2" : 0.0,
    "fuel_gasoline" : 0.0,
    "fuel_natural_gas" : 384046.01897975302,
    "fuel_oil_no_1_cooling_ip" : 0.0,
    "fuel_oil_no_1_exterior_equipment_ip" : 0.0,
    "fuel_oil_no_1_exterior_lighting_ip" : 0.0,
    "fuel_oil_no_1_fans_ip" : 0.0,
    "fuel_oil_no_1_generators_ip" : 0.0,
    "fuel_oil_no_1_heat_recovery_ip" : 0.0,
    "fuel_oil_no_1_heat_rejection_ip" : 0.0,
    "fuel_oil_no_1_heating_ip" : 0.0,
    "fuel_oil_no_1_humidification_ip" : 0.0,
    "fuel_oil_no_1_interior_equipment_ip" : 0.0,
    "fuel_oil_no_1_interior_lighting_ip" : 0.0,
    "fuel_oil_no_1_ip" : 0.0,
    "fuel_oil_no_1_pumps_ip" : 0.0,
    "fuel_oil_no_1_refrigeration_ip" : 0.0,
    "fuel_oil_no_1_water_systems_ip" : 0.0,
    "fuel_oil_no_2_cooling_ip" : 0.0,
    "fuel_oil_no_2_exterior_equipment_ip" : 0.0,
    "fuel_oil_no_2_exterior_lighting_ip" : 0.0,
    "fuel_oil_no_2_fans_ip" : 0.0,
    "fuel_oil_no_2_generators_ip" : 0.0,
    "fuel_oil_no_2_heat_recovery_ip" : 0.0,
    "fuel_oil_no_2_heat_rejection_ip" : 0.0,
    "fuel_oil_no_2_heating_ip" : 0.0,
    "fuel_oil_no_2_humidification_ip" : 0.0,
    "fuel_oil_no_2_interior_equipment_ip" : 0.0,
    "fuel_oil_no_2_interior_lighting_ip" : 0.0,
    "fuel_oil_no_2_ip" : 0.0,
    "fuel_oil_no_2_pumps_ip" : 0.0,
    "fuel_oil_no_2_refrigeration_ip" : 0.0,
    "fuel_oil_no_2_water_systems_ip" : 0.0,
    "fuel_other_fuel_1" : 0.0,
    "fuel_other_fuel_2" : 0.0,
    "fuel_propane" : 0.0,
    "gasoline_cooling_ip" : 0.0,
    "gasoline_exterior_equipment_ip" : 0.0,
    "gasoline_exterior_lighting_ip" : 0.0,
    "gasoline_fans_ip" : 0.0,
    "gasoline_generators_ip" : 0.0,
    "gasoline_heat_recovery_ip" : 0.0,
    "gasoline_heat_rejection_ip" : 0.0,
    "gasoline_heating_ip" : 0.0,
    "gasoline_humidification_ip" : 0.0,
    "gasoline_interior_equipment_ip" : 0.0,
    "gasoline_interior_lighting_ip" : 0.0,
    "gasoline_ip" : 0.0,
    "gasoline_pumps_ip" : 0.0,
    "gasoline_refrigeration_ip" : 0.0,
    "gasoline_water_systems_ip" : 0.0,
    "generic_exterior_wall_pre_1980_6_a" : 61.874399999999902,
    "gross_window_wall_ratio" : 30.0,
    "gross_window_wall_ratio_conditioned" : 30.0,
    "hvac_load_profile" : true,
    "inflation_approach" : "Constant Dollar",
    "interior_lighting_section" : true,
    "measure_warning_section" : true,
    "monthly_overview_section" : true,
    "natural_gas_cooling_ip" : 0.0,
    "natural_gas_exterior_equipment_ip" : 0.0,
    "natural_gas_exterior_lighting_ip" : 0.0,
    "natural_gas_fans_ip" : 0.0,
    "natural_gas_generators_ip" : 0.0,
    "natural_gas_heat_recovery_ip" : 0.0,
    "natural_gas_heat_rejection_ip" : 0.0,
    "natural_gas_heating_ip" : 0.0,
    "natural_gas_humidification_ip" : 0.0,
    "natural_gas_interior_equipment_ip" : 0.0,
    "natural_gas_interior_lighting_ip" : 0.0,
    "natural_gas_ip" : 112552.77777777778,
    "natural_gas_pumps_ip" : 0.0,
    "natural_gas_refrigeration_ip" : 0.0,
    "natural_gas_water_systems_ip" : 112552.77777777778,
    "net_site_energy" : 1230858.3333333333,
    "num_zones_x_hours_over_55" : 22,
    "num_zones_x_hours_over_70" : 13,
    "number_of_measures_with_warnings" : 1,
    "number_warnings" : 3,
    "other_fuel_1_cooling_ip" : 0.0,
    "other_fuel_1_exterior_equipment_ip" : 0.0,
    "other_fuel_1_exterior_lighting_ip" : 0.0,
    "other_fuel_1_fans_ip" : 0.0,
    "other_fuel_1_generators_ip" : 0.0,
    "other_fuel_1_heat_recovery_ip" : 0.0,
    "other_fuel_1_heat_rejection_ip" : 0.0,
    "other_fuel_1_heating_ip" : 0.0,
    "other_fuel_1_humidification_ip" : 0.0,
    "other_fuel_1_interior_equipment_ip" : 0.0,
    "other_fuel_1_interior_lighting_ip" : 0.0,
    "other_fuel_1_ip" : 0.0,
    "other_fuel_1_pumps_ip" : 0.0,
    "other_fuel_1_refrigeration_ip" : 0.0,
    "other_fuel_1_water_systems_ip" : 0.0,
    "other_fuel_2_cooling_ip" : 0.0,
    "other_fuel_2_exterior_equipment_ip" : 0.0,
    "other_fuel_2_exterior_lighting_ip" : 0.0,
    "other_fuel_2_fans_ip" : 0.0,
    "other_fuel_2_generators_ip" : 0.0,
    "other_fuel_2_heat_recovery_ip" : 0.0,
    "other_fuel_2_heat_rejection_ip" : 0.0,
    "other_fuel_2_heating_ip" : 0.0,
    "other_fuel_2_humidification_ip" : 0.0,
    "other_fuel_2_interior_equipment_ip" : 0.0,
    "other_fuel_2_interior_lighting_ip" : 0.0,
    "other_fuel_2_ip" : 0.0,
    "other_fuel_2_pumps_ip" : 0.0,
    "other_fuel_2_refrigeration_ip" : 0.0,
    "other_fuel_2_water_systems_ip" : 0.0,
    "outdoor_air_section" : true,
    "plant_loops_detail_section" : true,
    "plug_loads_section" : true,
    "propane_cooling_ip" : 0.0,
    "propane_exterior_equipment_ip" : 0.0,
    "propane_exterior_lighting_ip" : 0.0,
    "propane_fans_ip" : 0.0,
    "propane_generators_ip" : 0.0,
    "propane_heat_recovery_ip" : 0.0,
    "propane_heat_rejection_ip" : 0.0,
    "propane_heating_ip" : 0.0,
    "propane_humidification_ip" : 0.0,
    "propane_interior_equipment_ip" : 0.0,
    "propane_interior_lighting_ip" : 0.0,
    "propane_ip" : 0.0,
    "propane_pumps_ip" : 0.0,
    "propane_refrigeration_ip" : 0.0,
    "propane_water_systems_ip" : 0.0,
    "reg_monthly_details" : false,
    "schedules_overview_section" : true,
    "skylight_roof_ratio" : 0.0,
    "source_energy_section" : true,
    "space_type_breakdown_section" : true,
    "space_type_details_section" : true,
    "space_type_murb_lobby_1" : 299.50000000000006,
    "space_type_murb_lobby_2" : 44.0,
    "space_type_murb_lobby_3" : 525.0,
    "space_type_murb_lobby_4" : 44.0,
    "space_type_murb_small" : 52.499999999999929,
    "space_type_murb_small_1" : 3610.9999999999973,
    "standards_gem_version" : "0.5.0",
    "surface_102_c_tbd" : 160.01999999999995,
    "surface_103_c_tbd" : 149.35199999999975,
    "surface_104_c_tbd" : 160.01999999999995,
    "surface_105_c_tbd" : 149.35199999999978,
    "surface_108_c_tbd" : 14.935199999999975,
    "surface_109_c_tbd" : 14.935199999999956,
    "surface_10_c_tbd" : 14.935199999999956,
    "surface_110_c_tbd" : 14.93519999999998,
    "surface_111_c_tbd" : 14.935199999999956,
    "surface_112_c_tbd" : 48.999999999999936,
    "surface_114_c_tbd" : 16.001999999999995,
    "surface_115_c_tbd" : 14.935199999999956,
    "surface_116_c_tbd" : 16.001999999999995,
    "surface_117_c_tbd" : 14.935199999999956,
    "surface_118_c_tbd" : 52.499999999999929,
    "surface_11_c_tbd" : 16.001999999999995,
    "surface_120_c_tbd" : 15.468600000000016,
    "surface_121_c_tbd" : 14.935199999999975,
    "surface_122_c_tbd" : 15.468600000000018,
    "surface_123_c_tbd" : 14.935199999999977,
    "surface_124_c_tbd" : 50.75,
    "surface_126_c_tbd" : 16.001999999999995,
    "surface_127_c_tbd" : 14.935199999999956,
    "surface_128_c_tbd" : 16.001999999999995,
    "surface_129_c_tbd" : 14.935199999999956,
    "surface_130_c_tbd" : 52.499999999999929,
    "surface_132_c_tbd" : 4.2671999999999937,
    "surface_133_c_tbd" : 16.001999999999995,
    "surface_134_c_tbd" : 16.001999999999995,
    "surface_135_c_tbd" : 14.935199999999977,
    "surface_136_c_tbd" : 4.2671999999999946,
    "surface_137_c_tbd" : 15.468600000000018,
    "surface_138_c_tbd" : 15.468600000000016,
    "surface_139_c_tbd" : 16.001999999999995,
    "surface_140_c_tbd" : 44.0,
    "surface_142_c_tbd" : 15.468600000000016,
    "surface_143_c_tbd" : 14.935199999999975,
    "surface_144_c_tbd" : 15.468600000000018,
    "surface_145_c_tbd" : 14.935199999999977,
    "surface_146_c_tbd" : 50.75,
    "surface_148_c_tbd" : 16.001999999999995,
    "surface_149_c_tbd" : 14.935199999999975,
    "surface_150_c_tbd" : 16.001999999999995,
    "surface_151_c_tbd" : 14.935199999999977,
    "surface_152_c_tbd" : 52.5,
    "surface_17_c_tbd" : 14.935199999999975,
    "surface_18_c_tbd" : 15.468600000000018,
    "surface_22_c_tbd" : 4.2671999999999937,
    "surface_26_c_tbd" : 4.2671999999999946,
    "surface_2_c_tbd" : 30.937199999999983,
    "surface_32_c_tbd" : 14.935199999999975,
    "surface_33_c_tbd" : 14.935199999999956,
    "surface_38_c_tbd" : 16.001999999999995,
    "surface_3_c_tbd" : 34.137599999999978,
    "surface_44_c_tbd" : 15.468600000000016,
    "surface_4_c_tbd" : 46.939200000000085,
    "surface_50_c_tbd" : 16.001999999999995,
    "surface_51_c_tbd" : 14.935199999999975,
    "surface_57_c_tbd" : 14.935199999999956,
    "surface_58_c_tbd" : 16.001999999999995,
    "surface_5_c_tbd" : 19.202400000000054,
    "surface_62_c_tbd" : 154.68600000000015,
    "surface_63_c_tbd" : 149.35199999999975,
    "surface_64_c_tbd" : 154.68600000000018,
    "surface_65_c_tbd" : 149.35199999999978,
    "surface_68_c_tbd" : 160.01999999999995,
    "surface_69_c_tbd" : 149.35199999999955,
    "surface_70_c_tbd" : 160.01999999999995,
    "surface_71_c_tbd" : 149.35199999999955,
    "surface_74_c_tbd" : 149.35199999999975,
    "surface_75_c_tbd" : 149.35199999999955,
    "surface_76_c_tbd" : 149.3519999999998,
    "surface_77_c_tbd" : 149.35199999999955,
    "surface_80_c_tbd" : 42.67199999999994,
    "surface_81_c_tbd" : 160.01999999999995,
    "surface_82_c_tbd" : 160.01999999999995,
    "surface_83_c_tbd" : 149.35199999999978,
    "surface_84_c_tbd" : 42.671999999999947,
    "surface_85_c_tbd" : 154.68600000000018,
    "surface_86_c_tbd" : 154.68600000000015,
    "surface_87_c_tbd" : 160.01999999999995,
    "surface_90_c_tbd" : 160.01999999999995,
    "surface_91_c_tbd" : 149.35199999999955,
    "surface_92_c_tbd" : 160.01999999999995,
    "surface_93_c_tbd" : 149.35199999999955,
    "surface_96_c_tbd" : 154.68600000000015,
    "surface_97_c_tbd" : 149.35199999999975,
    "surface_98_c_tbd" : 154.68600000000018,
    "surface_99_c_tbd" : 149.35199999999978,
    "total_building_area" : 4576.0,
    "total_lifecycle_cost" : 0.0,
    "total_site_energy" : 1230858.3333333333,
    "total_site_eui" : 268.98127913752916,
    "typical_iead_roof_pre_1980" : 352.00000000000006,
    "units" : "SI",
    "unmet_hours_during_cooling" : 2.6699999999999999,
    "unmet_hours_during_heating" : 1765.8299999999999,
    "unmet_hours_during_occupied_cooling" : 2.5,
    "unmet_hours_during_occupied_heating" : 1765.3299999999999,
    "unmet_hours_tolerance_cooling" : 0.20000000000000001,
    "unmet_hours_tolerance_heating" : 0.20000000000000001,
    "utility_bills_rates_section" : true,
    "water_use_section" : true,
    "zone_condition_section" : true,
    "zone_equipment_detail_section" : true,
    "zone_max_hours_over_55_rh" : 658.0,
    "zone_max_hours_over_70_rh" : 44.0,
    "zone_summary_section" : true
  },
  "Set Window to Wall Ratio by Facade" : 
  {
    "applicable" : true,
    "exl_spaces_not_incl_fl_area" : true,
    "facade" : "All",
    "inset_tri_sub" : true,
    "sillHeight" : 30.0,
    "split_at_doors" : "Split Walls at Doors",
    "triangulate" : true,
    "triangulation_min_area" : 0.001,
    "wwr" : 0.29999999999999999
  },
  "SetNISTInfiltrationCorrelations" : 
  {
    "air_barrier" : false,
    "airtightness_area" : "5-sided",
    "airtightness_pressure" : 75.0,
    "airtightness_value" : 5.0,
    "applicable" : true,
    "building_type" : "HighriseApartment",
    "climate_zone" : "6A",
    "design_infiltration_4_pa" : 0.00020664108653579646,
    "hvac_schedule" : "Lookup From Model"
  },
  "Thermal Bridging and Derating - TBD" : 
  {
    "alter_model" : true,
    "applicable" : true,
    "floor_option" : "NONE",
    "floor_ut" : 0.16200000000000001,
    "gen_UA_report" : false,
    "gen_kiva" : false,
    "gen_kiva_force" : false,
    "load_tbd_json" : false,
    "option" : "poor (BETBG)",
    "parapet" : true,
    "reset_kiva" : false,
    "roof_option" : "NONE",
    "roof_ut" : 0.13800000000000001,
    "sub_tol" : 0.01,
    "ua_reference" : "code (Quebec)",
    "wall_option" : "NONE",
    "wall_ut" : 0.20999999999999999,
    "write_tbd_json" : false
  }
}